role,skill,level,type,question,option_a,option_b,option_c,option_d,correct_answer,explanation
Business Analyst,Business Analysis,Beginner,technical,What is the primary goal of business analysis?,Identify business needs,Write technical code,Design UI layouts,Manage payroll,Identify business needs,Business analysis focuses on identifying and solving business problems.
Business Analyst,Business Analysis,Beginner,technical,Which document defines business requirements at a high level?,BRD,Test Case,API Spec,Code Script,BRD,BRD captures business-level needs and scope.
Business Analyst,Business Analysis,Beginner,technical,Who is the main stakeholder in requirement validation?,Business user,Developer intern,HR manager,Sales agent,Business user,End users validate business requirements.
Business Analyst,Business Analysis,Beginner,technical,What is a key responsibility of a BA?,Translate business needs,Write backend code,Deploy servers,Manage accounts,Translate business needs,BA bridges business and technical teams.
Business Analyst,Business Analysis,Beginner,technical,Which technique helps understand workflows?,Process mapping,Code debugging,UI coloring,Server testing,Process mapping,Process maps visualize workflows clearly.
Business Analyst,Business Analysis,Intermediate,technical,What does gap analysis identify?,Difference between current and future state,Employee performance gaps,Salary issues,UI bugs,Difference between current and future state,Gap analysis compares current vs desired state.
Business Analyst,Business Analysis,Intermediate,technical,Which method gathers user requirements effectively?,Stakeholder interviews,Server logs review,Code testing,Database tuning,Stakeholder interviews,Direct interaction gives accurate needs.
Business Analyst,Business Analysis,Intermediate,technical,What is a use case?,Interaction between user and system,Code module,Database schema,Network diagram,Interaction between user and system,Use cases define system-user interactions.
Business Analyst,Business Analysis,Intermediate,technical,What is requirement prioritization?,Ranking based on importance,Writing documentation,Testing features,Deploying code,Ranking based on importance,Helps focus on high-value features.
Business Analyst,Business Analysis,Intermediate,technical,Which framework helps structure thinking?,SWOT analysis,HTML coding,Server config,API testing,SWOT analysis,SWOT helps analyze strengths and risks.
Business Analyst,Business Analysis,Advanced,technical,What is a business capability model?,Representation of business functions,Code architecture,Server layout,UI design,Representation of business functions,It maps what a business does.
Business Analyst,Business Analysis,Advanced,technical,What is value stream mapping used for?,Improving processes,Writing APIs,Fixing UI bugs,Database backup,Improving processes,It identifies inefficiencies in workflows.
Business Analyst,Business Analysis,Advanced,technical,Which approach ensures continuous improvement?,Agile methodology,Waterfall only,Manual testing,Static planning,Agile methodology,Agile supports iteration and improvement.
Business Analyst,Business Analysis,Advanced,technical,What is root cause analysis?,Finding underlying issue,Writing reports,Testing UI,Monitoring logs,Finding underlying issue,It identifies core problem causes.
Business Analyst,Business Analysis,Advanced,technical,Which metric measures process efficiency?,Cycle time,Color scheme,Code length,UI clicks,Cycle time,Cycle time reflects process speed.
Business Analyst,Business Analysis,Beginner,situational,A stakeholder is unclear about requirements. What should you do?,Clarify through discussion,Ignore and proceed,Delay project indefinitely,Ask developer to decide,Clarify through discussion,Clarification ensures accurate requirements.
Business Analyst,Business Analysis,Intermediate,situational,Two stakeholders give conflicting inputs. What is the best approach?,Facilitate alignment meeting,Choose one randomly,Ignore both inputs,Escalate immediately,Facilitate alignment meeting,Alignment ensures consensus.
Business Analyst,Business Analysis,Intermediate,situational,Requirements keep changing frequently. What should you do?,Implement change control,Reject all changes,Ignore updates,Delay project,Implement change control,Structured process manages changes.
Business Analyst,Business Analysis,Advanced,situational,A project is failing due to unclear scope. What should you do?,Re-define scope clearly,Continue execution,Blame team,Stop communication,Re-define scope clearly,Clear scope is critical for success.
Business Analyst,Business Analysis,Advanced,situational,A senior stakeholder pushes unrealistic deadlines. What should you do?,Negotiate with data,Accept blindly,Ignore timeline,Delay silently,Negotiate with data,Data-backed negotiation is effective.
Business Analyst,Requirement Gathering,Beginner,technical,What is the main goal of requirement gathering?,Understand user needs,Write code modules,Design UI screens,Manage servers,Understand user needs,Requirement gathering focuses on capturing user needs.
Business Analyst,Requirement Gathering,Beginner,technical,Which technique is commonly used to gather requirements?,Interviews,Code review,Server setup,UI testing,Interviews,Interviews help gather detailed insights.
Business Analyst,Requirement Gathering,Beginner,technical,What type of requirement describes system behavior?,Functional requirement,UI theme,Server logs,Database index,Functional requirement,Functional requirements define system behavior.
Business Analyst,Requirement Gathering,Beginner,technical,What type defines performance constraints?,Non-functional requirement,Code script,UI design,Test case,Non-functional requirement,Non-functional requirements define performance and limits.
Business Analyst,Requirement Gathering,Beginner,technical,Which document captures requirements formally?,BRD,Source code,API log,Test run,BRD,BRD documents requirements clearly.
Business Analyst,Requirement Gathering,Intermediate,technical,What is requirement elicitation?,Collecting requirements,Testing code,Deploying apps,Managing payroll,Collecting requirements,Elicitation involves gathering requirements from stakeholders.
Business Analyst,Requirement Gathering,Intermediate,technical,Which method helps group user needs visually?,Affinity diagram,Code compilation,Server mapping,UI wireframe,Affinity diagram,It clusters similar ideas together.
Business Analyst,Requirement Gathering,Intermediate,technical,What is a user story?,Short description of feature,Database table,Server config,Test report,Short description of feature,User stories capture requirements simply.
Business Analyst,Requirement Gathering,Intermediate,technical,What is MoSCoW prioritization?,Must Should Could Won’t framework,Database sorting,Code logic method,UI alignment rule,Must Should Could Won’t framework,It categorizes priorities effectively.
Business Analyst,Requirement Gathering,Intermediate,technical,Which tool is used for documenting requirements?,Jira,Photoshop,VS Code,Docker,Jira,Jira is widely used for tracking requirements.
Business Analyst,Requirement Gathering,Advanced,technical,What is requirement traceability?,Tracking requirement lifecycle,Writing reports,Testing UI,Managing logs,Tracking requirement lifecycle,Traceability links requirements to outcomes.
Business Analyst,Requirement Gathering,Advanced,technical,What ensures requirements completeness?,Validation process,Code execution,Server restart,UI testing,Validation process,Validation ensures requirements are correct.
Business Analyst,Requirement Gathering,Advanced,technical,What is stakeholder analysis?,Identifying stakeholder influence,Writing code,Testing system,Deploying app,Identifying stakeholder influence,It evaluates stakeholder impact.
Business Analyst,Requirement Gathering,Advanced,technical,What is backlog refinement?,Updating requirement backlog,Deleting code,Testing UI,Restarting server,Updating requirement backlog,Refinement improves backlog clarity.
Business Analyst,Requirement Gathering,Advanced,technical,What is acceptance criteria?,Conditions for feature success,Code comments,Server logs,UI design,Conditions for feature success,Defines when a feature is complete.
Business Analyst,Requirement Gathering,Beginner,situational,A user is unable to explain requirements clearly. What should you do?,Ask probing questions,Ignore user input,Delay project,Ask developer to decide,Ask probing questions,Probing helps uncover real needs.
Business Analyst,Requirement Gathering,Intermediate,situational,Multiple stakeholders request different features. What should you do?,Prioritize based on value,Implement all immediately,Ignore conflicts,Delay indefinitely,Prioritize based on value,Prioritization ensures focus.
Business Analyst,Requirement Gathering,Intermediate,situational,A requirement is incomplete. What should you do?,Seek clarification,Proceed anyway,Ignore requirement,Remove it entirely,Seek clarification,Clarification avoids future issues.
Business Analyst,Requirement Gathering,Advanced,situational,A critical requirement is missing late in project. What should you do?,Assess impact and update scope,Ignore it,Blame team,Delay delivery silently,Assess impact and update scope,Impact analysis helps decision-making.
Business Analyst,Requirement Gathering,Advanced,situational,Stakeholders disagree on priority. What should you do?,Facilitate discussion with data,Choose randomly,Escalate without context,Ignore both,Facilitate discussion with data,Data-driven discussion resolves conflict.
Business Analyst,Stakeholder Management,Beginner,technical,Who is a stakeholder?,Anyone impacted by project,Only developers,Only managers,Only testers,Anyone impacted by project,Stakeholders include anyone affected by outcomes.
Business Analyst,Stakeholder Management,Beginner,technical,What is stakeholder mapping?,Identifying stakeholder influence,Writing code,Designing UI,Testing software,Identifying stakeholder influence,Mapping helps understand power and interest.
Business Analyst,Stakeholder Management,Beginner,technical,Which group has high power and high interest?,Key stakeholders,Observers,End users only,Vendors only,Key stakeholders,They require close management.
Business Analyst,Stakeholder Management,Beginner,technical,What is communication plan?,Strategy to inform stakeholders,Code structure,UI layout,Test plan,Strategy to inform stakeholders,Ensures consistent communication.
Business Analyst,Stakeholder Management,Beginner,technical,Which skill is critical for stakeholder management?,Communication,Debugging,UI design,Server setup,Communication,Clear communication builds alignment.
Business Analyst,Stakeholder Management,Intermediate,technical,What is stakeholder engagement?,Involving stakeholders actively,Ignoring stakeholders,Only sending emails,Only reporting status,Involving stakeholders actively,Engagement builds trust.
Business Analyst,Stakeholder Management,Intermediate,technical,What is RACI matrix?,Responsibility assignment tool,Database schema,UI layout,Testing method,Responsibility assignment tool,RACI defines roles clearly.
Business Analyst,Stakeholder Management,Intermediate,technical,What is escalation?,Raising issue to higher authority,Fixing code,Testing UI,Updating database,Raising issue to higher authority,Escalation resolves blockers.
Business Analyst,Stakeholder Management,Intermediate,technical,What is stakeholder expectation management?,Aligning expectations with reality,Ignoring expectations,Overpromising,Delaying communication,Aligning expectations with reality,Prevents dissatisfaction.
Business Analyst,Stakeholder Management,Intermediate,technical,Which approach builds trust?,Transparent communication,Hidden updates,Delayed responses,Minimal interaction,Transparent communication,Transparency builds credibility.
Business Analyst,Stakeholder Management,Advanced,technical,What is stakeholder influence analysis?,Evaluating impact and power,Writing reports,Testing system,Deploying code,Evaluating impact and power,Helps prioritize stakeholders.
Business Analyst,Stakeholder Management,Advanced,technical,What is change resistance?,Opposition to change,Code failure,UI bug,Server crash,Opposition to change,Common in organizational change.
Business Analyst,Stakeholder Management,Advanced,technical,What is negotiation in BA role?,Reaching mutually beneficial agreement,Forcing decisions,Ignoring feedback,Delaying action,Reaching mutually beneficial agreement,Negotiation balances interests.
Business Analyst,Stakeholder Management,Advanced,technical,What is stakeholder alignment?,Ensuring shared understanding,Ignoring differences,Working independently,Reducing communication,Ensuring shared understanding,Alignment ensures smooth execution.
Business Analyst,Stakeholder Management,Advanced,technical,What is influence without authority?,Guiding decisions without power,Managing servers,Writing code,Testing UI,Guiding decisions without power,Important leadership skill.
Business Analyst,Stakeholder Management,Beginner,situational,A stakeholder is unresponsive. What should you do?,Follow up with clarity,Ignore them,Delay project,Escalate immediately,Follow up with clarity,Clear follow-ups improve response.
Business Analyst,Stakeholder Management,Intermediate,situational,A stakeholder keeps changing requirements. What should you do?,Implement change control process,Accept all changes instantly,Ignore updates,Delay delivery,Implement change control process,Controls scope creep.
Business Analyst,Stakeholder Management,Intermediate,situational,Two teams disagree on requirements. What should you do?,Facilitate joint discussion,Choose one team,Ignore both,Escalate blindly,Facilitate joint discussion,Collaboration resolves conflict.
Business Analyst,Stakeholder Management,Advanced,situational,A senior stakeholder dominates decisions. What should you do?,Balance input using data,Agree without question,Ignore them,Delay discussion,Balance input using data,Data ensures fairness.
Business Analyst,Stakeholder Management,Advanced,situational,Stakeholders are misaligned on goals. What should you do?,Re-align objectives clearly,Proceed anyway,Ignore differences,Delay communication,Re-align objectives clearly,Clear goals drive alignment.
Business Analyst,Documentation (BRD/FRD),Beginner,technical,What does BRD stand for?,Business Requirement Document,Basic Report Design,Backend Resource Data,Business Role Definition,Business Requirement Document,BRD captures high-level business needs.
Business Analyst,Documentation (BRD/FRD),Beginner,technical,What does FRD define?,Functional system details,Financial reports,Frontend design,Framework rules,Functional system details,FRD defines system behavior.
Business Analyst,Documentation (BRD/FRD),Beginner,technical,Which document is more technical?,FRD,BRD,Project charter,Test case,FRD,FRD contains technical-level details.
Business Analyst,Documentation (BRD/FRD),Beginner,technical,What is a key section in BRD?,Business objectives,Code snippets,Server logs,UI themes,Business objectives,BRD focuses on business goals.
Business Analyst,Documentation (BRD/FRD),Beginner,technical,Who reviews BRD?,Stakeholders,Only developers,Only testers,Only HR,Stakeholders,Stakeholders validate business needs.
Business Analyst,Documentation (BRD/FRD),Intermediate,technical,What ensures clarity in documentation?,Clear language,Complex jargon,Long paragraphs,Minimal details,Clear language,Clarity avoids misunderstandings.
Business Analyst,Documentation (BRD/FRD),Intermediate,technical,What is version control in documentation?,Tracking changes,Writing reports,Testing UI,Deploying code,Tracking changes,Version control maintains history.
Business Analyst,Documentation (BRD/FRD),Intermediate,technical,What is a use case diagram?,Visual system interaction,Code structure,Server map,UI layout,Visual system interaction,Shows user-system relationships.
Business Analyst,Documentation (BRD/FRD),Intermediate,technical,What improves document readability?,Structured format,Random notes,Long text blocks,Unclear terms,Structured format,Structure improves understanding.
Business Analyst,Documentation (BRD/FRD),Intermediate,technical,What is a requirement specification?,Detailed requirement description,Code module,UI template,Server config,Detailed requirement description,Defines requirements precisely.
Business Analyst,Documentation (BRD/FRD),Advanced,technical,What is traceability matrix?,Mapping requirements to outputs,Writing reports,Testing UI,Managing logs,Mapping requirements to outputs,Ensures coverage and tracking.
Business Analyst,Documentation (BRD/FRD),Advanced,technical,What is documentation standardization?,Consistent document format,Random writing,Code reuse,Server config,Consistent document format,Standardization improves usability.
Business Analyst,Documentation (BRD/FRD),Advanced,technical,What is ambiguity in requirements?,Unclear meaning,Code error,UI bug,Server issue,Unclear meaning,Ambiguity leads to confusion.
Business Analyst,Documentation (BRD/FRD),Advanced,technical,What is requirement validation?,Ensuring correctness,Writing reports,Testing UI,Deploying code,Ensuring correctness,Validation confirms accuracy.
Business Analyst,Documentation (BRD/FRD),Advanced,technical,What is documentation review?,Checking accuracy and completeness,Writing new code,Testing servers,Updating UI,Checking accuracy and completeness,Review ensures quality.
Business Analyst,Documentation (BRD/FRD),Beginner,situational,A document is unclear to stakeholders. What should you do?,Simplify and clarify,Ignore feedback,Delay project,Rewrite later,Simplify and clarify,Clarity improves understanding.
Business Analyst,Documentation (BRD/FRD),Intermediate,situational,Requirements are misunderstood by team. What should you do?,Refine documentation clearly,Blame team,Ignore issue,Delay work,Refine documentation clearly,Clear docs prevent confusion.
Business Analyst,Documentation (BRD/FRD),Intermediate,situational,Documentation is outdated. What should you do?,Update it immediately,Ignore it,Delete it,Delay update,Update it immediately,Up-to-date docs are critical.
Business Analyst,Documentation (BRD/FRD),Advanced,situational,Multiple versions of document exist. What should you do?,Implement version control,Ignore duplicates,Delete all,Delay review,Implement version control,Version control ensures consistency.
Business Analyst,Documentation (BRD/FRD),Advanced,situational,Stakeholder rejects documentation. What should you do?,Review and incorporate feedback,Ignore rejection,Escalate immediately,Delay project,Review and incorporate feedback,Feedback improves quality.
Business Analyst,SQL,Beginner,technical,What does SQL stand for?,Structured Query Language,Simple Query Logic,System Query Layer,Standard Question List,Structured Query Language,SQL is used to manage relational databases.
Business Analyst,SQL,Beginner,technical,Which SQL statement retrieves data?,SELECT,INSERT,UPDATE,DELETE,SELECT,SELECT is used to fetch data.
Business Analyst,SQL,Beginner,technical,Which clause filters records?,WHERE,ORDER BY,GROUP BY,JOIN,WHERE,WHERE filters rows based on conditions.
Business Analyst,SQL,Beginner,technical,Which keyword sorts results?,ORDER BY,GROUP BY,WHERE,HAVING,ORDER BY,ORDER BY arranges data.
Business Analyst,SQL,Beginner,technical,Which statement adds data?,INSERT,SELECT,DELETE,JOIN,INSERT,INSERT adds new records.
Business Analyst,SQL,Intermediate,technical,What does INNER JOIN do?,Returns matching rows,Returns all rows,Deletes duplicates,Sorts data,Returns matching rows,INNER JOIN combines matching records.
Business Analyst,SQL,Intermediate,technical,What is GROUP BY used for?,Aggregating data,Filtering rows,Sorting results,Deleting data,Aggregating data,GROUP BY groups rows for aggregation.
Business Analyst,SQL,Intermediate,technical,Which function counts rows?,COUNT,SUM,AVG,MAX,COUNT,COUNT returns number of rows.
Business Analyst,SQL,Intermediate,technical,What does HAVING clause do?,Filters grouped data,Sorts rows,Deletes records,Adds data,Filters grouped data,HAVING filters after grouping.
Business Analyst,SQL,Intermediate,technical,What is a primary key?,Unique identifier,Duplicate field,Optional column,Foreign reference,Unique identifier,Primary key uniquely identifies rows.
Business Analyst,SQL,Advanced,technical,What is indexing used for?,Improving query performance,Deleting records,Sorting data,Grouping rows,Improving query performance,Indexes speed up data retrieval.
Business Analyst,SQL,Advanced,technical,What is normalization?,Reducing redundancy,Increasing duplication,Sorting data,Deleting tables,Reducing redundancy,Normalization organizes data efficiently.
Business Analyst,SQL,Advanced,technical,What is a subquery?,Query inside another query,Primary key,Table join,Database schema,Query inside another query,Subqueries are nested queries.
Business Analyst,SQL,Advanced,technical,What is a view?,Virtual table,Physical table,Stored procedure,Index structure,Virtual table,View is a stored query result.
Business Analyst,SQL,Advanced,technical,What is transaction?,Unit of work,Data type,Table join,Query plan,Unit of work,Transaction ensures data consistency.
Business Analyst,SQL,Beginner,situational,A query returns too many rows. What should you do?,Add filters,Delete data,Restart server,Ignore results,Add filters,Filtering improves accuracy.
Business Analyst,SQL,Intermediate,situational,A join gives unexpected results. What should you do?,Check join conditions,Delete table,Ignore issue,Restart query,Check join conditions,Incorrect joins cause issues.
Business Analyst,SQL,Intermediate,situational,A query is slow. What should you do?,Optimize query,Delete database,Ignore delay,Restart system,Optimize query,Optimization improves performance.
Business Analyst,SQL,Advanced,situational,Data duplication is observed. What should you do?,Apply normalization,Ignore issue,Delete all data,Restart server,Apply normalization,Normalization removes redundancy.
Business Analyst,SQL,Advanced,situational,Transaction fails midway. What should you do?,Rollback changes,Ignore error,Restart system,Delete table,Rollback changes,Rollback ensures consistency.
Business Analyst,SQL,Advanced,technical,What is a LEFT JOIN?,Returns all left rows and matching right,Returns only matching rows,Deletes unmatched rows,Sorts data,Returns all left rows and matching right,LEFT JOIN keeps all left table records.
Business Analyst,SQL,Advanced,technical,What is a RIGHT JOIN?,Returns all right rows and matching left,Returns only matching rows,Deletes unmatched rows,Groups data,Returns all right rows and matching left,RIGHT JOIN keeps all right table records.
Business Analyst,SQL,Advanced,technical,What is a FULL OUTER JOIN?,Returns all rows from both tables,Returns only matching rows,Deletes duplicates,Sorts data,Returns all rows from both tables,Includes matched and unmatched rows.
Business Analyst,SQL,Advanced,technical,What is a window function?,Performs calculation across rows,Deletes rows,Creates table,Sorts columns,Performs calculation across rows,Used for advanced analytics.
Business Analyst,SQL,Advanced,technical,What is a CTE?,Temporary result set,Primary key,Table index,Join condition,Temporary result set,CTE simplifies complex queries.
Business Analyst,Data Analysis,Beginner,technical,What is data analysis?,Inspecting data for insights,Writing code,Designing UI,Managing servers,Inspecting data for insights,It helps decision-making.
Business Analyst,Data Analysis,Beginner,technical,What is descriptive analysis?,Summarizing past data,Predicting future data,Optimizing systems,Testing software,Summarizing past data,Descriptive analysis explains what happened.
Business Analyst,Data Analysis,Beginner,technical,What is data cleaning?,Fixing inaccurate data,Writing queries,Designing UI,Deploying apps,Fixing inaccurate data,Clean data improves analysis.
Business Analyst,Data Analysis,Beginner,technical,What is dataset?,Collection of data,Single value,Code block,UI design,Collection of data,Dataset is structured data.
Business Analyst,Data Analysis,Beginner,technical,What is variable?,Data attribute,Database table,Server log,UI component,Data attribute,Variables represent features.
Business Analyst,Data Analysis,Intermediate,technical,What is exploratory data analysis?,Understanding data patterns,Writing code,Testing system,Deploying app,Understanding data patterns,EDA explores data visually.
Business Analyst,Data Analysis,Intermediate,technical,What is correlation?,Relationship between variables,Sorting data,Deleting data,Grouping data,Relationship between variables,Correlation shows association.
Business Analyst,Data Analysis,Intermediate,technical,What is mean?,Average value,Maximum value,Minimum value,Total sum,Average value,Mean represents central tendency.
Business Analyst,Data Analysis,Intermediate,technical,What is outlier?,Extreme value,Average value,Duplicate value,Missing value,Extreme value,Outliers deviate from normal.
Business Analyst,Data Analysis,Intermediate,technical,What is data visualization?,Graphical representation of data,Code writing,Server setup,UI design,Graphical representation of data,Visuals simplify insights.
Business Analyst,Data Analysis,Advanced,technical,What is predictive analysis?,Forecasting future trends,Summarizing past data,Cleaning data,Sorting data,Forecasting future trends,Uses models for prediction.
Business Analyst,Data Analysis,Advanced,technical,What is regression?,Modeling relationships,Sorting data,Deleting data,Grouping rows,Modeling relationships,Regression predicts outcomes.
Business Analyst,Data Analysis,Advanced,technical,What is hypothesis testing?,Testing assumptions statistically,Writing queries,Designing UI,Managing servers,Testing assumptions statistically,Validates assumptions.
Business Analyst,Data Analysis,Advanced,technical,What is variance?,Measure of spread,Average value,Total sum,Maximum value,Measure of spread,Variance shows data dispersion.
Business Analyst,Data Analysis,Advanced,technical,What is data bias?,Systematic error in data,Random value,Duplicate entry,Missing field,Systematic error in data,Bias affects analysis accuracy.
Business Analyst,Data Analysis,Beginner,situational,A dataset has missing values. What should you do?,Clean or impute data,Ignore missing values,Delete entire dataset,Proceed without changes,Clean or impute data,Handling missing data improves accuracy.
Business Analyst,Data Analysis,Intermediate,situational,You notice inconsistent data formats. What should you do?,Standardize the data,Ignore differences,Delete records randomly,Proceed as is,Standardize the data,Consistency ensures reliable analysis.
Business Analyst,Data Analysis,Intermediate,situational,Analysis results look incorrect. What should you do?,Verify data and logic,Ignore results,Present anyway,Delete data,Verify data and logic,Validation ensures correctness.
Business Analyst,Data Analysis,Advanced,situational,You detect strong correlation between variables. What should you do?,Analyze relationship further,Ignore correlation,Delete variables,Change dataset,Analyze relationship further,Correlation may indicate useful insights.
Business Analyst,Data Analysis,Advanced,situational,Stakeholder questions your analysis. What should you do?,Explain methodology clearly,Ignore question,Blame data,Change results,Explain methodology clearly,Transparency builds trust.
Business Analyst,Data Visualization,Beginner,technical,What is a bar chart used for?,Comparing categories,Showing trends over time,Displaying proportions,Mapping locations,Comparing categories,Bar charts compare discrete values.
Business Analyst,Data Visualization,Beginner,technical,What does a line chart show?,Trends over time,Category comparison,Proportions,Geographic data,Trends over time,Line charts show continuous trends.
Business Analyst,Data Visualization,Beginner,technical,What is a pie chart used for?,Showing proportions,Comparing trends,Sorting data,Filtering values,Showing proportions,Pie charts show percentage distribution.
Business Analyst,Data Visualization,Beginner,technical,What is dashboard?,Collection of visual insights,Code editor,Database table,Server panel,Collection of visual insights,Dashboards display key metrics.
Business Analyst,Data Visualization,Beginner,technical,What is axis in chart?,Reference line for values,Data point,Legend label,Color scheme,Reference line for values,Axes define chart scale.
Business Analyst,Data Visualization,Intermediate,technical,What is data storytelling?,Communicating insights with visuals,Writing code,Testing UI,Managing servers,Communicating insights with visuals,Storytelling explains insights clearly.
Business Analyst,Data Visualization,Intermediate,technical,What improves visualization clarity?,Simple design,Complex charts,Too many colors,Random layout,Simple design,Simplicity improves understanding.
Business Analyst,Data Visualization,Intermediate,technical,What is legend in chart?,Explains symbols and colors,Axis label,Data table,Code block,Explains symbols and colors,Legend defines chart elements.
Business Analyst,Data Visualization,Intermediate,technical,What is heatmap?,Color-coded data matrix,Bar chart,Line chart,Pie chart,Color-coded data matrix,Heatmaps show intensity.
Business Analyst,Data Visualization,Intermediate,technical,What is scatter plot?,Shows relationship between variables,Displays proportions,Shows trends,Sorts data,Shows relationship between variables,Scatter plots reveal correlations.
Business Analyst,Data Visualization,Advanced,technical,What is visualization bias?,Misleading representation of data,Correct analysis,Data cleaning method,Sorting technique,Misleading representation of data,Bias distorts insights.
Business Analyst,Data Visualization,Advanced,technical,What is drill down analysis?,Exploring deeper data levels,Summarizing high level data,Sorting records,Deleting values,Exploring deeper data levels,Drill down helps analyze data in detail.
Business Analyst,Data Visualization,Advanced,technical,What is KPI dashboard?,Displays key metrics,Code panel,Database schema,Server monitor,Displays key metrics,KPI dashboards track performance.
Business Analyst,Data Visualization,Advanced,technical,What is real-time dashboard?,Live updating data view,Static report,Code output,Server log,Live updating data view,Shows current data.
Business Analyst,Data Visualization,Advanced,technical,What is visualization best practice?,Keep charts simple and clear,Add maximum data,Use many colors,Ignore labels,Keep charts simple and clear,Clarity improves usability.
Business Analyst,Data Visualization,Beginner,situational,A chart looks cluttered with too many elements. What should you do?,Simplify the chart,Add more data,Ignore issue,Change dataset,Simplify the chart,Clarity improves understanding.
Business Analyst,Data Visualization,Intermediate,situational,Stakeholder misinterprets a chart. What should you do?,Improve labeling and clarity,Ignore misunderstanding,Blame stakeholder,Remove chart,Improve labeling and clarity,Clear visuals prevent confusion.
Business Analyst,Data Visualization,Intermediate,situational,Dashboard shows too many KPIs. What should you do?,Focus on key metrics,Add more KPIs,Ignore issue,Delete dashboard,Focus on key metrics,Relevant KPIs improve usability.
Business Analyst,Data Visualization,Advanced,situational,Visualization hides key insights. What should you do?,Redesign for clarity,Ignore issue,Delete data,Add more charts,Redesign for clarity,Design should highlight insights.
Business Analyst,Data Visualization,Advanced,situational,Data trends are unclear. What should you do?,Use appropriate chart type,Ignore trends,Delete data,Change dataset,Use appropriate chart type,Correct charts reveal patterns.
Business Analyst,SQL,Beginner,technical,Which clause removes duplicate rows?,DISTINCT,WHERE,ORDER BY,JOIN,DISTINCT,DISTINCT ensures unique values.
Business Analyst,SQL,Intermediate,technical,Which operator checks range?,BETWEEN,LIKE,IN,JOIN,BETWEEN,BETWEEN filters within range.
Business Analyst,SQL,Intermediate,technical,Which operator matches patterns?,LIKE,IN,BETWEEN,JOIN,LIKE,LIKE is used for pattern matching.
Business Analyst,SQL,Advanced,technical,What is a stored procedure?,Predefined SQL code block,Table structure,Index file,Join type,Predefined SQL code block,Stored procedures automate tasks.
Business Analyst,SQL,Advanced,technical,What is database schema?,Structure of database,Query result,Table join,Data filter,Structure of database,Schema defines database design.
Business Analyst,Data Analysis,Beginner,technical,What is median?,Middle value,Average value,Maximum value,Total sum,Middle value,Median represents central point.
Business Analyst,Data Analysis,Intermediate,technical,What is standard deviation?,Measure of variation,Average value,Total sum,Minimum value,Measure of variation,It shows spread of data.
Business Analyst,Data Analysis,Advanced,technical,What is data modeling?,Structuring data logically,Writing code,Testing UI,Managing servers,Structuring data logically,Modeling organizes data relationships.
Business Analyst,Data Analysis,Advanced,technical,What is clustering?,Grouping similar data,Sorting rows,Deleting data,Filtering values,Grouping similar data,Clustering finds patterns.
Business Analyst,Data Analysis,Advanced,technical,What is anomaly detection?,Identifying unusual data,Sorting data,Grouping data,Deleting records,Identifying unusual data,Detects abnormal patterns.
Business Analyst,SQL,Beginner,situational,A query returns duplicate values. What should you do?,Use DISTINCT,Delete table,Ignore duplicates,Restart query,Use DISTINCT,DISTINCT removes duplicates.
Business Analyst,SQL,Intermediate,situational,You need to filter multiple values. What should you use?,IN clause,JOIN clause,ORDER BY,DELETE,IN clause,IN filters multiple values efficiently.
Business Analyst,SQL,Intermediate,situational,You need partial match search. What should you use?,LIKE operator,IN clause,BETWEEN,JOIN,LIKE operator,LIKE supports pattern matching.
Business Analyst,SQL,Advanced,situational,You need reusable query logic. What should you use?,Stored procedure,Table join,WHERE clause,ORDER BY,Stored procedure,Reusable logic improves efficiency.
Business Analyst,Data Analysis,Advanced,situational,Data shows unexpected trend. What should you do?,Investigate root cause,Ignore trend,Delete data,Change dataset,Investigate root cause,Analysis should validate anomalies.
Business Analyst,Data Visualization,Advanced,situational,A dashboard shows conflicting KPIs. What should you do?,Validate data sources,Ignore conflict,Remove KPIs,Change design,Validate data sources,Consistency in data is critical.
Business Analyst,Data Visualization,Intermediate,situational,Users find dashboard hard to use. What should you do?,Improve usability design,Add more charts,Ignore feedback,Remove dashboard,Improve usability design,User-centric design improves adoption.
Business Analyst,Data Visualization,Advanced,situational,Real-time dashboard lags frequently. What should you do?,Optimize data pipeline,Ignore lag,Delete dashboard,Reduce data randomly,Optimize data pipeline,Performance issues need backend fixes.
Business Analyst,Data Visualization,Intermediate,situational,Stakeholder wants more visuals than needed. What should you do?,Recommend optimal visuals,Add all visuals,Ignore request,Delay project,Recommend optimal visuals,Too many visuals reduce clarity.
Business Analyst,Data Visualization,Advanced,situational,Visualization does not align with business goal. What should you do?,Align with objective,Ignore mismatch,Delete chart,Add more data,Align with objective,Visualization must match goals.
Business Analyst,SQL,Advanced,technical,What is a trigger?,Automatic database action,Manual query,Table structure,Join type,Automatic database action,Triggers execute automatically.
Business Analyst,SQL,Advanced,technical,What is ACID property?,Ensures transaction reliability,Sorting method,Join technique,Index type,Ensures transaction reliability,ACID ensures data integrity.
Business Analyst,SQL,Intermediate,technical,What is foreign key?,Reference to another table,Primary identifier,Unique constraint,Data filter,Reference to another table,Foreign key links tables.
Business Analyst,SQL,Advanced,technical,What is denormalization?,Adding redundancy for performance,Removing duplicates,Sorting data,Deleting tables,Adding redundancy for performance,Improves performance in some cases.
Business Analyst,SQL,Intermediate,technical,What is UNION?,Combines query results,Filters rows,Sorts data,Deletes records,Combines query results,UNION merges results.
Business Analyst,Data Analysis,Intermediate,technical,What is sampling?,Selecting subset of data,Sorting data,Deleting rows,Grouping data,Selecting subset of data,Sampling reduces data size.
Business Analyst,Data Analysis,Advanced,technical,What is multivariate analysis?,Analyzing multiple variables,Single variable analysis,Sorting data,Filtering rows,Analyzing multiple variables,Used for complex relationships.
Business Analyst,Data Analysis,Advanced,technical,What is time series analysis?,Analyzing data over time,Grouping data,Sorting rows,Deleting records,Analyzing data over time,Tracks trends across time.
Business Analyst,Data Analysis,Intermediate,technical,What is data aggregation?,Combining data values,Deleting rows,Sorting data,Filtering results,Combining data values,Aggregation summarizes data.
Business Analyst,Data Analysis,Beginner,technical,What is data point?,Single observation,Database table,Code block,UI element,Single observation,Basic unit of data.
Business Analyst,SQL,Beginner,situational,A query deletes wrong data. What should you do?,Restore from backup,Ignore issue,Delete more data,Restart system,Restore from backup,Backup ensures recovery.
Business Analyst,SQL,Advanced,situational,Database performance degrades. What should you do?,Analyze and optimize queries,Ignore issue,Restart system,Delete data,Analyze and optimize queries,Optimization improves performance.
Business Analyst,Data Analysis,Intermediate,situational,Data sample is too small. What should you do?,Increase sample size,Ignore issue,Delete sample,Proceed anyway,Increase sample size,Larger sample improves accuracy.
Business Analyst,Data Analysis,Advanced,situational,Model predictions are inaccurate. What should you do?,Refine model and data,Ignore results,Delete model,Change output,Refine model and data,Improvement ensures accuracy.
Business Analyst,Data Visualization,Beginner,situational,A chart lacks labels. What should you do?,Add clear labels,Ignore issue,Remove chart,Change data,Add clear labels,Labels improve clarity.
Product Manager,Product Thinking,Beginner,technical,What is product thinking?,Solving user problems,Writing code,Designing UI only,Managing servers,Solving user problems,Product thinking focuses on user needs.
Product Manager,Product Thinking,Beginner,technical,What defines a good product?,User value,Code complexity,UI colors,Server speed,User value,Products succeed when they deliver value.
Product Manager,Product Thinking,Beginner,technical,Who is the primary focus of a product?,User,Developer,Manager,Tester,User,Products are built for users.
Product Manager,Product Thinking,Beginner,technical,What is MVP?,Minimum viable product,Maximum value product,Most valuable plan,Managed version product,Minimum viable product,MVP is a basic version for testing.
Product Manager,Product Thinking,Beginner,technical,What is user feedback?,Input from users,Code output,Server logs,UI design,Input from users,Feedback improves products.
Product Manager,Product Thinking,Intermediate,technical,What is product-market fit?,Product satisfies market need,Product is fully built,Product has many features,Product is profitable,Product satisfies market need,Fit means strong demand.
Product Manager,Product Thinking,Intermediate,technical,What is user persona?,Representation of target user,Code template,Database table,UI layout,Representation of target user,Persona helps understand users.
Product Manager,Product Thinking,Intermediate,technical,What is customer journey?,User interaction flow,Code process,Server workflow,Database schema,User interaction flow,Journey maps user experience.
Product Manager,Product Thinking,Intermediate,technical,What is value proposition?,Why product is useful,Code logic,UI design,Server config,Why product is useful,It explains product benefit.
Product Manager,Product Thinking,Intermediate,technical,What is product lifecycle?,Stages of product growth,Code versioning,UI changes,Server updates,Stages of product growth,Products evolve through stages.
Product Manager,Product Thinking,Advanced,technical,What is product differentiation?,Unique value vs competitors,More features,Better UI,Lower cost only,Unique value vs competitors,Differentiation creates advantage.
Product Manager,Product Thinking,Advanced,technical,What is network effect?,Value increases with users,Decrease in value,Static usage,Random growth,Value increases with users,More users increase product value.
Product Manager,Product Thinking,Advanced,technical,What is product vision?,Long-term direction,Short-term goal,Code plan,UI layout,Long-term direction,Vision guides strategy.
Product Manager,Product Thinking,Advanced,technical,What is product discovery?,Identifying right problem,Writing code,Testing UI,Deploying app,Identifying right problem,Discovery ensures relevance.
Product Manager,Product Thinking,Advanced,technical,What is product hypothesis?,Testable assumption,Code structure,UI design,Server config,Testable assumption,Hypotheses validate ideas.
Product Manager,Product Thinking,Beginner,situational,Users are not engaging with product. What should you do?,Understand user needs,Add random features,Ignore issue,Change UI colors,Understand user needs,User insights improve engagement.
Product Manager,Product Thinking,Intermediate,situational,Feature usage is low. What should you do?,Analyze usage data,Remove feature immediately,Ignore metrics,Add more features,Analyze usage data,Data-driven decisions improve outcomes.
Product Manager,Product Thinking,Intermediate,situational,Users give conflicting feedback. What should you do?,Prioritize based on impact,Implement all feedback,Ignore users,Delay decision,Prioritize based on impact,Impact-based prioritization is key.
Product Manager,Product Thinking,Advanced,situational,A product is losing market share. What should you do?,Re-evaluate product strategy,Ignore trend,Blame team,Reduce features,Re-evaluate product strategy,Strategy needs adjustment.
Product Manager,Product Thinking,Advanced,situational,Stakeholders push feature without user need. What should you do?,Validate with data,Approve immediately,Ignore request,Delay silently,Validate with data,Data ensures correct decisions.
Product Manager,Product Strategy,Beginner,technical,What is product strategy?,Plan to achieve product goals,Code structure,UI design,Server setup,Plan to achieve product goals,Strategy defines direction.
Product Manager,Product Strategy,Beginner,technical,What does roadmap show?,Future product plan,Code versioning,UI layout,Server logs,Future product plan,Roadmaps show direction.
Product Manager,Product Strategy,Beginner,technical,What is target market?,Specific user group,Developers only,Managers only,Testers only,Specific user group,Target market defines users.
Product Manager,Product Strategy,Beginner,technical,What is competitive analysis?,Studying competitors,Writing code,Designing UI,Testing system,Studying competitors,Helps understand market.
Product Manager,Product Strategy,Beginner,technical,What is product goal?,Desired outcome,Code output,UI feature,Server metric,Desired outcome,Goals define success.
Product Manager,Product Strategy,Intermediate,technical,What is North Star metric?,Key success metric,Code metric,UI metric,Server metric,Key success metric,It reflects product success.
Product Manager,Product Strategy,Intermediate,technical,What is go-to-market strategy?,Plan to launch product,Code deployment,UI design,Server config,Plan to launch product,Defines how product reaches users.
Product Manager,Product Strategy,Intermediate,technical,What is pricing strategy?,Setting product price,Writing code,Designing UI,Testing system,Setting product price,Impacts revenue.
Product Manager,Product Strategy,Intermediate,technical,What is product positioning?,How product is perceived,Code structure,UI layout,Server design,How product is perceived,Defines market image.
Product Manager,Product Strategy,Intermediate,technical,What is market segmentation?,Dividing users into groups,Sorting data,Deleting data,Grouping code,Dividing users into groups,Segmentation helps targeting.
Product Manager,Product Strategy,Advanced,technical,What is strategic trade-off?,Choosing between priorities,Writing code,Designing UI,Testing system,Choosing between priorities,Trade-offs optimize decisions.
Product Manager,Product Strategy,Advanced,technical,What is product moat?,Sustainable advantage,Temporary feature,UI design,Server speed,Sustainable advantage,Moat protects product.
Product Manager,Product Strategy,Advanced,technical,What is growth strategy?,Plan to expand product,Code deployment,UI changes,Server updates,Plan to expand product,Drives scaling.
Product Manager,Product Strategy,Advanced,technical,What is product alignment?,Matching goals across teams,Writing code,Testing UI,Managing logs,Matching goals across teams,Alignment ensures execution.
Product Manager,Product Strategy,Advanced,technical,What is portfolio strategy?,Managing multiple products,Single product focus,UI design,Code optimization,Managing multiple products,Helps balance investments.
Product Manager,Product Strategy,Beginner,situational,Product is not reaching target users. What should you do?,Refine target market,Ignore issue,Add features,Delay launch,Refine target market,Targeting improves reach.
Product Manager,Product Strategy,Intermediate,situational,Competitor launches better feature. What should you do?,Evaluate and respond strategically,Copy immediately,Ignore competitor,Delay action,Evaluate and respond strategically,Strategy should be thoughtful.
Product Manager,Product Strategy,Intermediate,situational,Product adoption is low. What should you do?,Analyze user behavior,Ignore issue,Add random features,Change UI colors,Analyze user behavior,Data reveals insights.
Product Manager,Product Strategy,Advanced,situational,Revenue is declining. What should you do?,Reassess pricing and strategy,Ignore trend,Blame team,Reduce features,Reassess pricing and strategy,Strategy impacts revenue.
Product Manager,Product Strategy,Advanced,situational,Stakeholders disagree on direction. What should you do?,Align using data and goals,Choose randomly,Ignore conflict,Delay decision,Align using data and goals,Alignment ensures progress.
Product Manager,Roadmapping,Beginner,technical,What is a product roadmap?,Plan of product direction,Code structure,UI design,Server setup,Plan of product direction,Roadmaps outline future plans.
Product Manager,Roadmapping,Beginner,technical,What does roadmap timeline show?,When features are planned,Code deployment time,UI changes,Server updates,When features are planned,Timeline shows scheduling.
Product Manager,Roadmapping,Beginner,technical,Who uses roadmap?,Stakeholders and teams,Only developers,Only testers,Only HR,Stakeholders and teams,Roadmaps align everyone.
Product Manager,Roadmapping,Beginner,technical,What is roadmap goal?,Guide product development,Write code,Design UI,Manage servers,Guide product development,Roadmaps provide direction.
Product Manager,Roadmapping,Beginner,technical,What is milestone?,Key achievement point,Code error,UI layout,Server log,Key achievement point,Milestones track progress.
Product Manager,Roadmapping,Intermediate,technical,What is prioritization in roadmap?,Ranking features by importance,Writing code,Designing UI,Testing system,Ranking features by importance,Prioritization ensures focus.
Product Manager,Roadmapping,Intermediate,technical,What is dependency?,Task relying on another,Code block,UI component,Server log,Task relying on another,Dependencies affect timelines.
Product Manager,Roadmapping,Intermediate,technical,What is backlog?,List of pending work,Code file,UI template,Server config,List of pending work,Backlog stores tasks.
Product Manager,Roadmapping,Intermediate,technical,What is release plan?,Schedule of product releases,Code version,UI design,Server setup,Schedule of product releases,Defines delivery timeline.
Product Manager,Roadmapping,Intermediate,technical,What is sprint roadmap?,Short-term plan,Long-term vision,Code logic,UI layout,Short-term plan,Sprint focuses on immediate work.
Product Manager,Roadmapping,Advanced,technical,What is strategic roadmap?,Long-term product direction,Short-term task list,Code plan,UI design,Long-term product direction,Strategic roadmap aligns vision.
Product Manager,Roadmapping,Advanced,technical,What is outcome-based roadmap?,Focus on results not features,Feature list only,Code structure,UI layout,Focus on results not features,Outcome-driven approach is effective.
Product Manager,Roadmapping,Advanced,technical,What is roadmap flexibility?,Ability to adapt changes,Fixed plan,Code logic,UI design,Ability to adapt changes,Flexibility supports agility.
Product Manager,Roadmapping,Advanced,technical,What is cross-team alignment?,Coordinating multiple teams,Writing code,Testing UI,Managing logs,Coordinating multiple teams,Alignment ensures execution.
Product Manager,Roadmapping,Advanced,technical,What is roadmap communication?,Sharing roadmap clearly,Writing code,Designing UI,Testing system,Sharing roadmap clearly,Communication aligns stakeholders.
Product Manager,Roadmapping,Beginner,situational,Stakeholders are confused about roadmap. What should you do?,Simplify and communicate clearly,Ignore confusion,Delay explanation,Change roadmap,Simplify and communicate clearly,Clarity improves alignment.
Product Manager,Roadmapping,Intermediate,situational,Too many features are planned. What should you do?,Prioritize effectively,Add more features,Ignore issue,Delay release,Prioritize effectively,Focus improves delivery.
Product Manager,Roadmapping,Intermediate,situational,Dependencies delay roadmap. What should you do?,Re-plan timelines,Ignore delays,Blame team,Remove dependencies,Re-plan timelines,Adjusting plan ensures success.
Product Manager,Roadmapping,Advanced,situational,Roadmap is misaligned with goals. What should you do?,Realign with strategy,Ignore mismatch,Delay project,Add features,Realign with strategy,Alignment is critical.
Product Manager,Roadmapping,Advanced,situational,Frequent roadmap changes confuse teams. What should you do?,Stabilize and communicate updates,Ignore confusion,Delay updates,Remove roadmap,Stabilize and communicate updates,Clear communication reduces confusion.
Product Manager,Product Thinking,Intermediate,technical,What is feature prioritization?,Selecting important features,Writing code,Designing UI,Testing system,Selecting important features,Prioritization ensures focus on impact.
Product Manager,Product Thinking,Advanced,technical,What is product scalability?,Ability to handle growth,Code complexity,UI design,Server logs,Ability to handle growth,Scalability ensures long-term success.
Product Manager,Product Thinking,Advanced,technical,What is user retention?,Keeping users engaged,Acquiring users,Designing UI,Writing code,Keeping users engaged,Retention measures loyalty.
Product Manager,Product Thinking,Intermediate,technical,What is churn rate?,Users leaving product,Users joining product,Code errors,UI issues,Users leaving product,Churn indicates loss of users.
Product Manager,Product Thinking,Advanced,technical,What is product experimentation?,Testing product ideas,Writing code,Designing UI,Managing servers,Testing product ideas,Experiments validate assumptions.
Product Manager,Product Strategy,Intermediate,technical,What is cost-benefit analysis?,Comparing cost and value,Writing code,Designing UI,Testing system,Comparing cost and value,Helps in decision-making.
Product Manager,Product Strategy,Advanced,technical,What is strategic pivot?,Changing direction based on insights,Adding features,Fixing bugs,Testing system,Changing direction based on insights,Pivot adjusts strategy.
Product Manager,Product Strategy,Intermediate,technical,What is user segmentation?,Grouping users,Sorting data,Deleting data,Writing code,Grouping users,Segmentation helps targeting.
Product Manager,Product Strategy,Advanced,technical,What is lifetime value?,Total value from a user,Single purchase value,Code metric,UI metric,Total value from a user,LTV measures user worth.
Product Manager,Product Strategy,Advanced,technical,What is acquisition strategy?,Plan to gain users,Writing code,Designing UI,Managing servers,Plan to gain users,Acquisition drives growth.
Product Manager,Roadmapping,Intermediate,technical,What is feature dependency?,Feature relying on another,Code block,UI component,Server log,Feature relying on another,Dependencies impact planning.
Product Manager,Roadmapping,Advanced,technical,What is roadmap iteration?,Updating roadmap regularly,Fixed planning,Code changes,UI design,Updating roadmap regularly,Iteration keeps roadmap relevant.
Product Manager,Roadmapping,Advanced,technical,What is risk in roadmap?,Potential issues affecting delivery,Code bug,UI design,Server config,Potential issues affecting delivery,Risks impact execution.
Product Manager,Roadmapping,Intermediate,technical,What is delivery timeline?,Planned release schedule,Code execution time,UI layout,Server logs,Planned release schedule,Timeline ensures tracking.
Product Manager,Roadmapping,Advanced,technical,What is roadmap dependency management?,Handling task dependencies,Writing code,Designing UI,Testing system,Handling task dependencies,Ensures smooth execution.
Product Manager,Product Thinking,Beginner,situational,Users drop off during onboarding. What should you do?,Analyze onboarding flow,Ignore issue,Add features,Delay fix,Analyze onboarding flow,Improving onboarding increases retention.
Product Manager,Product Strategy,Intermediate,situational,Product has high acquisition but low retention. What should you do?,Improve user experience,Increase marketing,Ignore issue,Add features randomly,Improve user experience,Retention depends on experience.
Product Manager,Product Strategy,Advanced,situational,New market opportunity emerges. What should you do?,Evaluate strategic fit,Enter immediately,Ignore opportunity,Delay decision,Evaluate strategic fit,Fit ensures success.
Product Manager,Roadmapping,Intermediate,situational,Team misses deadlines frequently. What should you do?,Review planning process,Ignore delays,Blame team,Add more work,Review planning process,Better planning improves delivery.
Product Manager,Roadmapping,Advanced,situational,Critical feature is delayed. What should you do?,Reprioritize and communicate,Ignore delay,Remove feature,Blame team,Reprioritize and communicate,Communication ensures alignment.
Product Manager,Product Thinking,Advanced,technical,What is product intuition?,Ability to sense user needs,Writing code,Designing UI,Managing servers,Ability to sense user needs,Intuition comes from experience and insight.
Product Manager,Product Thinking,Intermediate,technical,What is user empathy?,Understanding user perspective,Writing code,Testing UI,Managing logs,Understanding user perspective,Empathy improves product decisions.
Product Manager,Product Thinking,Advanced,technical,What is product-led growth?,Growth driven by product usage,Marketing campaigns only,Sales strategy only,Server scaling,Growth driven by product usage,Product itself drives acquisition.
Product Manager,Product Thinking,Intermediate,technical,What is activation metric?,User initial engagement,Total revenue,Server speed,UI clicks only,User initial engagement,Activation measures first success.
Product Manager,Product Thinking,Advanced,technical,What is product insight?,Understanding patterns in usage,Writing reports,Testing UI,Managing logs,Understanding patterns in usage,Insights guide decisions.
Product Manager,Product Strategy,Advanced,technical,What is competitive moat?,Defensible advantage,Short-term gain,UI improvement,Server upgrade,Defensible advantage,Moat sustains growth.
Product Manager,Product Strategy,Intermediate,technical,What is growth funnel?,Stages of user journey,Code pipeline,Server process,UI flow,Stages of user journey,Funnel tracks user movement.
Product Manager,Product Strategy,Advanced,technical,What is retention strategy?,Plan to keep users,Plan to acquire users,UI design plan,Server scaling plan,Plan to keep users,Retention drives long-term value.
Product Manager,Product Strategy,Intermediate,technical,What is conversion rate?,Users completing action,Total users,Server speed,UI clicks,Users completing action,Conversion measures effectiveness.
Product Manager,Product Strategy,Advanced,technical,What is expansion strategy?,Growing product scope,Reducing features,Fixing bugs,Testing system,Growing product scope,Expansion increases reach.
Product Manager,Roadmapping,Intermediate,technical,What is sprint goal?,Objective of sprint,Code target,UI design,Server config,Objective of sprint,Sprint goal guides work.
Product Manager,Roadmapping,Advanced,technical,What is roadmap trade-off?,Choosing priorities wisely,Adding all features,Ignoring constraints,Delaying release,Choosing priorities wisely,Trade-offs balance resources.
Product Manager,Roadmapping,Intermediate,technical,What is release milestone?,Key delivery stage,Code block,UI design,Server log,Key delivery stage,Milestones track progress.
Product Manager,Metrics & KPIs,Beginner,technical,What is a KPI?,Key performance indicator,Code parameter,UI element,Server metric,Key performance indicator,KPIs measure success.
Product Manager,Metrics & KPIs,Beginner,technical,What does a metric represent?,Measured value,Code output,UI layout,Server log,Measured value,Metrics track performance.
Product Manager,Metrics & KPIs,Beginner,technical,What is a success metric?,Indicator of goal achievement,Code result,UI design,Server config,Indicator of goal achievement,Measures product success.
Product Manager,Metrics & KPIs,Beginner,technical,What is DAU?,Daily active users,Monthly revenue,Server speed,UI clicks,Daily active users,DAU tracks daily engagement.
Product Manager,Metrics & KPIs,Beginner,technical,What is MAU?,Monthly active users,Daily revenue,Code metric,UI interaction,Monthly active users,MAU tracks monthly engagement.
Product Manager,Metrics & KPIs,Intermediate,technical,What is retention rate?,Users returning over time,New users acquired,Total revenue,Server uptime,Users returning over time,Retention shows loyalty.
Product Manager,Metrics & KPIs,Intermediate,technical,What is churn rate?,Users leaving product,Users joining product,Total sessions,Server load,Users leaving product,Churn indicates loss.
Product Manager,Metrics & KPIs,Intermediate,technical,What is conversion rate?,Users completing action,Total visits,Code efficiency,UI clicks only,Users completing action,Conversion measures effectiveness.
Product Manager,Metrics & KPIs,Intermediate,technical,What is funnel analysis?,Tracking user journey stages,Writing code,Designing UI,Managing servers,Tracking user journey stages,Funnel shows drop-offs.
Product Manager,Metrics & KPIs,Intermediate,technical,What is engagement metric?,User interaction level,Server performance,Code output,UI design,User interaction level,Engagement reflects usage.
Product Manager,Metrics & KPIs,Advanced,technical,What is cohort analysis?,Analyzing user groups over time,Sorting data,Deleting records,Grouping code,Analyzing user groups over time,Cohorts track behavior patterns.
Product Manager,Metrics & KPIs,Advanced,technical,What is North Star metric?,Primary success indicator,Secondary metric,Code metric,UI metric,Primary success indicator,It aligns teams on goal.
Product Manager,Metrics & KPIs,Advanced,technical,What is metric alignment?,Matching metrics with goals,Writing code,Testing UI,Managing logs,Matching metrics with goals,Alignment ensures relevance.
Product Manager,Metrics & KPIs,Advanced,technical,What is vanity metric?,Misleading metric,Key metric,Growth metric,Revenue metric,Misleading metric,Vanity metrics lack real value.
Product Manager,Metrics & KPIs,Advanced,technical,What is actionable metric?,Metric that drives decisions,Static metric,Code metric,UI metric,Metric that drives decisions,Actionable metrics guide actions.
Product Manager,Metrics & KPIs,Beginner,situational,User engagement is dropping. What should you do?,Analyze usage data,Ignore trend,Add random features,Delay action,Analyze usage data,Data helps identify issues.
Product Manager,Metrics & KPIs,Intermediate,situational,Conversion rate is low. What should you do?,Optimize user journey,Ignore metric,Increase pricing,Add features randomly,Optimize user journey,Improvement increases conversions.
Product Manager,Metrics & KPIs,Intermediate,situational,High churn observed. What should you do?,Investigate causes,Ignore churn,Increase ads,Change UI colors,Investigate causes,Root cause analysis is key.
Product Manager,Metrics & KPIs,Advanced,situational,Metrics conflict with business goals. What should you do?,Realign metrics with goals,Ignore mismatch,Delay analysis,Add more metrics,Realign metrics with goals,Alignment ensures accuracy.
Product Manager,Roadmapping,Advanced,technical,What is roadmap risk mitigation?,Reducing delivery risks,Adding features,Ignoring issues,Delaying release,Reducing delivery risks,Mitigation ensures stability.
Product Manager,Product Thinking,Intermediate,situational,Users are confused about feature usage. What should you do?,Improve usability and guidance,Ignore feedback,Add more features,Delay fix,Improve usability and guidance,Better UX improves clarity.
Product Manager,Product Strategy,Advanced,situational,Product growth stagnates. What should you do?,Revisit growth strategy,Ignore trend,Blame team,Reduce features,Revisit growth strategy,Strategy needs adjustment.
Product Manager,Product Strategy,Intermediate,situational,High churn observed. What should you do?,Analyze retention drivers,Ignore churn,Increase pricing,Add random features,Analyze retention drivers,Understanding churn improves retention.
Product Manager,Roadmapping,Intermediate,situational,Multiple teams depend on one feature. What should you do?,Manage dependencies actively,Ignore dependencies,Delay work,Remove feature,Manage dependencies actively,Dependency handling is key.
Product Manager,Roadmapping,Advanced,situational,Roadmap conflicts with business goals. What should you do?,Realign roadmap with goals,Ignore mismatch,Delay project,Add features,Realign roadmap with goals,Alignment ensures success.
Product Manager,Metrics & KPIs,Beginner,technical,What is a KPI?,Key performance indicator,Code parameter,UI element,Server metric,Key performance indicator,KPIs measure success.
Product Manager,Metrics & KPIs,Beginner,technical,What does a metric represent?,Measured value,Code output,UI layout,Server log,Measured value,Metrics track performance.
Product Manager,Metrics & KPIs,Beginner,technical,What is a success metric?,Indicator of goal achievement,Code result,UI design,Server config,Indicator of goal achievement,Measures product success.
Product Manager,Metrics & KPIs,Beginner,technical,What is DAU?,Daily active users,Monthly revenue,Server speed,UI clicks,Daily active users,DAU tracks daily engagement.
Product Manager,Metrics & KPIs,Beginner,technical,What is MAU?,Monthly active users,Daily revenue,Code metric,UI interaction,Monthly active users,MAU tracks monthly engagement. 
Product Manager,Metrics & KPIs,Intermediate,technical,What is retention rate?,Users returning over time,New users acquired,Total revenue,Server uptime,Users returning over time,Retention shows loyalty.
Product Manager,Metrics & KPIs,Intermediate,technical,What is churn rate?,Users leaving product,Users joining product,Total sessions,Server load,Users leaving product,Churn indicates loss.
Product Manager,Metrics & KPIs,Intermediate,technical,What is conversion rate?,Users completing action,Total visits,Code efficiency,UI clicks only,Users completing action,Conversion measures effectiveness.
Product Manager,Metrics & KPIs,Intermediate,technical,What is funnel analysis?,Tracking user journey stages,Writing code,Designing UI,Managing servers,Tracking user journey stages,Funnel shows drop-offs.
Product Manager,Metrics & KPIs,Intermediate,technical,What is engagement metric?,User interaction level,Server performance,Code output,UI design,User interaction level,Engagement reflects usage.
Product Manager,Metrics & KPIs,Advanced,technical,What is cohort analysis?,Analyzing user groups over time,Sorting data,Deleting records,Grouping code,Analyzing user groups over time,Cohorts track behavior patterns.
Product Manager,Metrics & KPIs,Advanced,technical,What is North Star metric?,Primary success indicator,Secondary metric,Code metric,UI metric,Primary success indicator,It aligns teams on goal.
Product Manager,Metrics & KPIs,Advanced,technical,What is metric alignment?,Matching metrics with goals,Writing code,Testing UI,Managing logs,Matching metrics with goals,Alignment ensures relevance.
Product Manager,Metrics & KPIs,Advanced,technical,What is vanity metric?,Misleading metric,Key metric,Growth metric,Revenue metric,Misleading metric,Vanity metrics lack real value.
Product Manager,Metrics & KPIs,Advanced,technical,What is actionable metric?,Metric that drives decisions,Static metric,Code metric,UI metric,Metric that drives decisions,Actionable metrics guide actions.
Product Manager,Metrics & KPIs,Beginner,situational,User engagement is dropping. What should you do?,Analyze usage data,Ignore trend,Add random features,Delay action,Analyze usage data,Data helps identify issues.
Product Manager,Metrics & KPIs,Intermediate,situational,Conversion rate is low. What should you do?,Optimize user journey,Ignore metric,Increase pricing,Add features randomly,Optimize user journey,Improvement increases conversions.
Product Manager,Metrics & KPIs,Intermediate,situational,High churn observed. What should you do?,Investigate causes,Ignore churn,Increase ads,Change UI colors,Investigate causes,Root cause analysis is key.
Product Manager,Metrics & KPIs,Advanced,situational,Metrics conflict with business goals. What should you do?,Realign metrics with goals,Ignore mismatch,Delay analysis,Add more metrics,Realign metrics with goals,Alignment ensures accuracy.
Product Manager,Metrics & KPIs,Advanced,situational,Stakeholder focuses on vanity metrics. What should you do?,Shift focus to actionable metrics,Agree blindly,Ignore stakeholder,Delay discussion,Shift focus to actionable metrics,Actionable metrics matter.
Product Manager,User Stories,Beginner,technical,What is a user story?,Short description of feature,Code module,Database table,Server config,Short description of feature,User stories describe features from user view.
Product Manager,User Stories,Beginner,technical,What format is used for user stories?,As a user I want so that,I want feature because,User needs system,Feature should be built,As a user I want so that,Standard user story format.
Product Manager,User Stories,Beginner,technical,Who writes user stories?,Product manager or team,Only developers,Only testers,Only designers,Product manager or team,PMs usually define stories.
 
Product Manager,User Stories,Beginner,technical,What is acceptance criteria?,Conditions for success,Code logic,UI design,Server config,Conditions for success,Defines when story is complete.
 
Product Manager,User Stories,Beginner,technical,What is backlog?,List of user stories,Code repository,UI layout,Server logs,List of user stories,Backlog stores tasks.
 
Product Manager,User Stories,Intermediate,technical,What is story prioritization?,Ranking stories by importance,Writing code,Designing UI,Testing system,Ranking stories by importance,Prioritization ensures value delivery.
 
Product Manager,User Stories,Intermediate,technical,What is story estimation?,Estimating effort required,Writing code,Testing UI,Managing logs,Estimating effort required,Helps in planning.
 
Product Manager,User Stories,Intermediate,technical,What is epic?,Large user story,Small task,Code module,UI component,Large user story,Epic is broken into stories.
 
Product Manager,User Stories,Intermediate,technical,What is story mapping?,Organizing user stories visually,Writing code,Designing UI,Testing system,Organizing user stories visually,Helps understand workflow.
 
Product Manager,User Stories,Intermediate,technical,What is sprint backlog?,Stories selected for sprint,All project tasks,Code file,Server log,Stories selected for sprint,Sprint backlog defines work.
 
Product Manager,User Stories,Advanced,technical,What is INVEST principle?,Guidelines for good stories,Code rule,UI design standard,Server config,Guidelines for good stories,INVEST improves story quality.
 
Product Manager,User Stories,Advanced,technical,What is story splitting?,Breaking large stories,Deleting tasks,Grouping code,Sorting data,Breaking large stories,Smaller stories are manageable.
 
Product Manager,User Stories,Advanced,technical,What is story refinement?,Improving story details,Writing code,Testing UI,Managing logs,Improving story details,Refinement ensures clarity.
 
Product Manager,User Stories,Advanced,technical,What is acceptance test?,Validating story completion,Writing code,UI design,Server setup,Validating story completion,Tests confirm requirements.
 
Product Manager,User Stories,Advanced,technical,What is backlog grooming?,Updating backlog regularly,Deleting backlog,Sorting code,Testing system,Updating backlog regularly,Ensures backlog quality.
 
Product Manager,User Stories,Beginner,situational,A user story is unclear. What should you do?,Clarify with team,Ignore it,Delay sprint,Guess details,Clarify with team,Clarity ensures execution.
 
Product Manager,User Stories,Intermediate,situational,Too many stories in sprint. What should you do?,Prioritize effectively,Add more stories,Ignore issue,Delay sprint,Prioritize effectively,Focus improves delivery.
 
Product Manager,User Stories,Intermediate,situational,Story lacks acceptance criteria. What should you do?,Define criteria clearly,Ignore it,Delay work,Add later,Define criteria clearly,Criteria ensures clarity.
 
Product Manager,User Stories,Advanced,situational,Story is too large to deliver. What should you do?,Split into smaller stories,Ignore issue,Delay sprint,Remove story,Split into smaller stories,Smaller stories are manageable.
 
Product Manager,User Stories,Advanced,situational,Team misunderstands story requirements. What should you do?,Refine and communicate clearly,Ignore issue,Blame team,Delay sprint,Refine and communicate clearly,Clear communication prevents errors.
 
Product Manager,Agile,Beginner,technical,What is Agile?,Iterative development approach,Fixed development method,Code structure,UI design,Iterative development approach,Agile focuses on flexibility.
 
Product Manager,Agile,Beginner,technical,What is a sprint?,Time-boxed iteration,Code module,UI layout,Server setup,Time-boxed iteration,Sprint defines work period.
 
Product Manager,Agile,Beginner,technical,What is daily standup?,Short team meeting,Code review session,UI testing,Server check,Short team meeting,Standup ensures alignment.
 
Product Manager,Agile,Beginner,technical,What is Scrum?,Agile framework,Code language,UI tool,Server system,Agile framework,Scrum is popular Agile method.
 
Product Manager,Agile,Beginner,technical,Who is Scrum Master?,Facilitates team process,Writes code,Designs UI,Tests system,Facilitates team process,Scrum Master supports team.
 
Product Manager,Agile,Intermediate,technical,What is sprint planning?,Planning sprint tasks,Writing code,Designing UI,Testing system,Planning sprint tasks,Defines sprint scope.
 
Product Manager,Agile,Intermediate,technical,What is sprint review?,Review of completed work,Code testing,UI design,Server check,Review of completed work,Shows delivered value.
 
Product Manager,Agile,Intermediate,technical,What is retrospective?,Team improvement meeting,Code review,UI testing,Server setup,Team improvement meeting,Improves process.
 
Product Manager,Agile,Intermediate,technical,What is velocity?,Work completed per sprint,Code speed,UI performance,Server load,Work completed per sprint,Velocity measures productivity.
 
Product Manager,Agile,Intermediate,technical,What is backlog refinement?,Updating backlog items,Deleting backlog,Sorting code,Testing system,Updating backlog items,Refinement ensures clarity.
 
Product Manager,Agile,Advanced,technical,What is Agile principle?,Focus on customer value,Code optimization,UI design,Server setup,Focus on customer value,Agile prioritizes users.
 
Product Manager,Agile,Advanced,technical,What is incremental delivery?,Delivering in parts,Delivering once,Code deployment,UI design,Delivering in parts,Supports faster feedback.
 
Product Manager,Agile,Advanced,technical,What is cross-functional team?,Team with diverse skills,Only developers,Only testers,Only managers,Team with diverse skills,Ensures efficiency.
 
Product Manager,Agile,Advanced,technical,What is Agile scaling?,Applying Agile at scale,Small team Agile,Code scaling,UI scaling,Applying Agile at scale,Used in large orgs.
 
Product Manager,Agile,Advanced,technical,What is continuous improvement?,Ongoing process enhancement,Code updates,UI design,Server config,Ongoing process enhancement,Core Agile concept.
 
Product Manager,Agile,Beginner,situational,Team misses daily standup regularly. What should you do?,Reinforce importance,Ignore issue,Cancel meetings,Delay sprint,Reinforce importance,Standups ensure alignment.
 
Product Manager,Agile,Intermediate,situational,Sprint goals are unclear. What should you do?,Clarify sprint objectives,Ignore confusion,Delay sprint,Add more tasks,Clarify sprint objectives,Clear goals guide team.
 
Product Manager,Agile,Intermediate,situational,Team velocity drops suddenly. What should you do?,Analyze root cause,Ignore drop,Blame team,Increase workload,Analyze root cause,Understanding issues helps recovery.
 
Product Manager,Agile,Advanced,situational,Frequent scope changes disrupt sprint. What should you do?,Control scope and manage changes,Accept all changes,Ignore issue,Delay sprint,Control scope and manage changes,Stability ensures delivery.
 
Product Manager,Agile,Advanced,situational,Team struggles with Agile adoption. What should you do?,Provide guidance and support,Ignore issue,Force process,Delay project,Provide guidance and support,Support improves adoption.
 
Product Manager,Metrics & KPIs,Intermediate,technical,What is activation rate?,Users completing first key action,Total users,Server speed,UI clicks,Users completing first key action,Activation measures initial success.
 
Product Manager,Metrics & KPIs,Advanced,technical,What is leading metric?,Predicts future performance,Measures past data,Code metric,UI metric,Predicts future performance,Leading metrics guide decisions.
 
Product Manager,Metrics & KPIs,Advanced,technical,What is lagging metric?,Reflects past performance,Predicts future trends,Code metric,UI metric,Reflects past performance,Lagging metrics show results.
 
Product Manager,Metrics & KPIs,Intermediate,technical,What is session duration?,Time spent by user,Number of users,Server uptime,UI clicks,Time spent by user,Measures engagement depth.
 
Product Manager,Metrics & KPIs,Advanced,technical,What is metric hierarchy?,Structured metric levels,Code structure,UI layout,Server config,Structured metric levels,Hierarchy aligns metrics.
 
Product Manager,User Stories,Intermediate,technical,What is story acceptance?,Approval of completed story,Code testing,UI design,Server setup,Approval of completed story,Acceptance confirms completion.
 
Product Manager,User Stories,Advanced,technical,What is story dependency?,Story relying on another,Code block,UI component,Server log,Story relying on another,Dependencies impact delivery.
 
Product Manager,User Stories,Advanced,technical,What is story risk?,Potential issue in story,Code error,UI bug,Server failure,Potential issue in story,Risk affects delivery.
 
Product Manager,User Stories,Intermediate,technical,What is backlog prioritization?,Ranking backlog items,Deleting backlog,Sorting code,Testing system,Ranking backlog items,Prioritization ensures focus.
 
Product Manager,User Stories,Advanced,technical,What is story lifecycle?,Stages of story progress,Code lifecycle,UI lifecycle,Server lifecycle,Stages of story progress,Tracks progress of work.
 
Product Manager,Agile,Intermediate,technical,What is sprint capacity?,Work team can handle,Code capacity,UI capacity,Server capacity,Work team can handle,Capacity helps planning.
 
Product Manager,Agile,Advanced,technical,What is sprint burndown?,Work remaining over time,Code progress,UI updates,Server logs,Work remaining over time,Tracks sprint progress.
 
Product Manager,Agile,Advanced,technical,What is impediment?,Blocker to progress,Code bug,UI issue,Server log,Blocker to progress,Impediments slow delivery.
 
Product Manager,Agile,Intermediate,technical,What is sprint commitment?,Planned work for sprint,Code target,UI design,Server setup,Planned work for sprint,Commitment defines scope.
 
Product Manager,Agile,Advanced,technical,What is Agile maturity?,Level of Agile adoption,Code complexity,UI design,Server config,Level of Agile adoption,Maturity reflects process strength.
 
Product Manager,Metrics & KPIs,Beginner,situational,Users spend less time on product. What should you do?,Analyze engagement metrics,Ignore issue,Add features randomly,Delay action,Analyze engagement metrics,Data reveals user behavior.
 
Product Manager,User Stories,Intermediate,situational,Stories are not completed in sprint. What should you do?,Adjust planning and estimation,Ignore issue,Add more stories,Delay sprint,Adjust planning and estimation,Better planning improves delivery.
 
Product Manager,Agile,Intermediate,situational,Team overcommits in sprint. What should you do?,Set realistic capacity,Ignore issue,Increase workload,Delay sprint,Set realistic capacity,Capacity planning is key.
 
Product Manager,Agile,Advanced,situational,Frequent blockers delay progress. What should you do?,Resolve impediments quickly,Ignore blockers,Blame team,Delay sprint,Resolve impediments quickly,Removing blockers improves flow.
Product Manager,Metrics & KPIs,Advanced,situational,Metrics show growth but revenue drops. What should you do?,Investigate deeper metrics,Ignore mismatch,Add features,Delay action,Investigate deeper metrics,Insights require deeper analysis. 
Product Manager,Metrics & KPIs,Advanced,technical,What is product analytics?,Analyzing user behavior data,Writing code modules,Designing UI layouts,Managing servers,Analyzing user behavior data,Product analytics helps drive decisions.
Product Manager,Metrics & KPIs,Intermediate,technical,What is feature adoption rate?,Users using a feature,Total features built,Server performance,UI clicks only,Users using a feature,Adoption shows feature success.
Product Manager,Metrics & KPIs,Advanced,technical,What is cohort retention?,Retention by user group,Total retention,Server uptime,UI activity,Cohort retention tracks user groups over time.,
Product Manager,Metrics & KPIs,Intermediate,technical,What is session frequency?,How often users return,Time spent per session,Server load,UI clicks,How often users return,Frequency indicates engagement.
Product Manager,Metrics & KPIs,Advanced,technical,What is metric attribution?,Linking actions to outcomes,Sorting data,Deleting records,Grouping code,Linking actions to outcomes,Attribution shows cause and effect.
Product Manager,User Stories,Intermediate,technical,What is story clarity?,Clear understanding of story,Code readability,UI design quality,Server performance,Clear understanding of story,Clarity ensures execution.
Product Manager,User Stories,Advanced,technical,What is story validation?,Checking story accuracy,Writing code,Testing UI,Managing logs,Checking story accuracy,Validation ensures correctness.
Product Manager,User Stories,Advanced,technical,What is story alignment?,Matching story with goals,Writing code,Testing UI,Managing servers,Matching story with goals,Alignment ensures relevance.
Product Manager,User Stories,Intermediate,technical,What is backlog health?,Quality of backlog items,Code quality,UI layout,Server uptime,Quality of backlog items,Healthy backlog improves planning.
Product Manager,User Stories,Advanced,technical,What is story acceptance criteria quality?,Clarity of completion conditions,Code testing,UI design,Server config,Clarity of completion conditions,Good criteria define success.
Product Manager,Agile,Intermediate,technical,What is sprint efficiency?,Output vs effort ratio,Code speed,UI performance,Server load,Output vs effort ratio,Efficiency measures productivity.
Product Manager,Agile,Advanced,technical,What is Agile delivery risk?,Risk affecting delivery,Code error,UI issue,Server log,Risk affecting delivery,Risks impact timelines.
Product Manager,Agile,Advanced,technical,What is team velocity trend?,Velocity over time,Code progress,UI changes,Server logs,Velocity over time,Trend shows performance pattern.
Product Manager,Agile,Intermediate,technical,What is sprint scope creep?,Unplanned work addition,Code change,UI update,Server config,Unplanned work addition,Scope creep disrupts sprint.
Product Manager,Agile,Advanced,technical,What is Agile governance?,Framework for Agile control,Code structure,UI layout,Server config,Framework for Agile control,Governance ensures discipline.
Product Manager,Metrics & KPIs,Intermediate,situational,Feature adoption is low. What should you do?,Analyze user behavior,Ignore issue,Add features randomly,Delay action,Analyze user behavior,Understanding usage improves adoption.
Product Manager,User Stories,Advanced,situational,Stories do not align with business goals. What should you do?,Realign with objectives,Ignore issue,Delay sprint,Add more stories,Realign with objectives,Alignment ensures value.
Product Manager,Agile,Intermediate,situational,Sprint scope keeps increasing. What should you do?,Control scope strictly,Accept all changes,Ignore issue,Delay sprint,Control scope strictly,Scope control ensures focus.
Product Manager,Agile,Advanced,situational,Team struggles with delivery predictability. What should you do?,Improve estimation and tracking,Ignore issue,Blame team,Delay releases,Improve estimation and tracking,Better planning improves predictability.
Product Manager,Metrics & KPIs,Advanced,situational,Metrics improve but user satisfaction drops. What should you do?,Investigate user feedback,Ignore mismatch,Add features,Delay action,Investigate user feedback,User feedback reveals issues.
role,skill,level,type,question,option_a,option_b,option_c,option_d,correct_answer,explanation

BI Developer,SQL,Beginner,technical,What does SQL do?,Manages relational data,Designs UI,Runs servers,Writes APIs,Manages relational data,SQL is used for database operations.

BI Developer,SQL,Beginner,technical,Which command retrieves data?,SELECT,INSERT,UPDATE,DELETE,SELECT,SELECT fetches records.

BI Developer,SQL,Beginner,technical,Which clause filters rows?,WHERE,GROUP BY,ORDER BY,JOIN,WHERE,WHERE applies conditions.

BI Developer,SQL,Beginner,technical,Which command adds new data?,INSERT,SELECT,DELETE,JOIN,INSERT,INSERT adds records.

BI Developer,SQL,Beginner,technical,Which keyword sorts results?,ORDER BY,WHERE,GROUP BY,HAVING,ORDER BY,ORDER BY sorts data.

BI Developer,SQL,Intermediate,technical,What does GROUP BY do?,Aggregates data,Filters rows,Deletes records,Sorts data,Aggregates data,GROUP BY groups rows.

BI Developer,SQL,Intermediate,technical,What does COUNT function do?,Counts rows,Calculates sum,Finds average,Finds maximum,Counts rows,COUNT returns row count.

BI Developer,SQL,Intermediate,technical,What is INNER JOIN?,Returns matching rows,Returns all rows,Deletes duplicates,Sorts data,Returns matching rows,INNER JOIN combines matches.

BI Developer,SQL,Intermediate,technical,What is HAVING clause?,Filters aggregated data,Sorts data,Deletes rows,Adds data,Filters aggregated data,HAVING works after grouping.

BI Developer,SQL,Intermediate,technical,What is primary key?,Unique identifier,Duplicate field,Optional column,Foreign reference,Unique identifier,Primary key identifies records.

BI Developer,SQL,Advanced,technical,What is indexing?,Improves query speed,Deletes data,Sorts data,Groups rows,Improves query speed,Indexes optimize performance.

BI Developer,SQL,Advanced,technical,What is normalization?,Reduces redundancy,Adds duplication,Sorts data,Deletes tables,Reduces redundancy,Normalization organizes schema.

BI Developer,SQL,Advanced,technical,What is subquery?,Query inside query,Primary key,Table join,Database schema,Query inside query,Subqueries are nested.

BI Developer,SQL,Advanced,technical,What is view?,Virtual table,Physical table,Stored procedure,Index,Virtual table,View stores query result.

BI Developer,SQL,Advanced,technical,What is transaction?,Unit of work,Data type,Join type,Query plan,Unit of work,Transaction ensures consistency.

BI Developer,SQL,Beginner,situational,A query returns too many rows. What should you do?,Add filter condition,Delete data,Restart database,Ignore results,Add filter condition,Filtering refines output.

BI Developer,SQL,Intermediate,situational,Join output is incorrect. What should you do?,Check join logic,Delete table,Ignore issue,Restart query,Check join logic,Correct join ensures accuracy.

BI Developer,SQL,Intermediate,situational,Query runs slowly. What should you do?,Optimize query or index,Delete data,Ignore issue,Restart system,Optimize query or index,Optimization improves speed.

BI Developer,SQL,Advanced,situational,Data redundancy observed. What should you do?,Apply normalization,Ignore issue,Delete data,Restart database,Apply normalization,Normalization removes redundancy.

BI Developer,SQL,Advanced,situational,Transaction fails partially. What should you do?,Rollback transaction,Ignore error,Restart database,Delete table,Rollback transaction,Rollback maintains integrity.
BI Developer,SQL,Advanced,technical,What is LEFT JOIN?,Returns all left rows with matches,Returns only matching rows,Deletes unmatched rows,Sorts data,Returns all left rows with matches,LEFT JOIN preserves left table.

BI Developer,SQL,Advanced,technical,What is RIGHT JOIN?,Returns all right rows with matches,Returns only matching rows,Deletes unmatched rows,Groups data,Returns all right rows with matches,RIGHT JOIN preserves right table.

BI Developer,SQL,Advanced,technical,What is FULL OUTER JOIN?,Returns all rows from both tables,Returns only matching rows,Deletes duplicates,Sorts data,Returns all rows from both tables,Includes matched and unmatched.

BI Developer,SQL,Advanced,technical,What is window function?,Operates across row sets,Deletes rows,Creates tables,Sorts columns,Operates across row sets,Used for analytics queries.

BI Developer,SQL,Advanced,technical,What is CTE?,Temporary query result,Primary key,Table index,Join condition,Temporary query result,CTE improves readability.

BI Developer,Data Modeling,Beginner,technical,What is data model?,Structure of data relationships,Code structure,UI design,Server config,Structure of data relationships,Defines how data is organized.

BI Developer,Data Modeling,Beginner,technical,What is entity?,Object in data model,Code block,UI element,Server log,Object in data model,Entity represents real-world object.

BI Developer,Data Modeling,Beginner,technical,What is attribute?,Property of entity,Database table,Code module,UI layout,Property of entity,Attributes describe entities.

BI Developer,Data Modeling,Beginner,technical,What is relationship?,Connection between entities,Code structure,UI design,Server config,Connection between entities,Defines how entities interact.

BI Developer,Data Modeling,Beginner,technical,What is ER diagram?,Visual representation of model,Code diagram,UI layout,Server design,Visual representation of model,Shows entities and relationships.

BI Developer,Data Modeling,Intermediate,technical,What is normalization level?,Stages of data organization,Code levels,UI layers,Server levels,Stages of data organization,Normal forms improve structure.

BI Developer,Data Modeling,Intermediate,technical,What is star schema?,Fact table with dimensions,Single table,UI layout,Server config,Fact table with dimensions,Common in BI systems.

BI Developer,Data Modeling,Intermediate,technical,What is snowflake schema?,Normalized star schema,Single table,Code structure,UI design,Normalized star schema,Adds complexity but reduces redundancy.

BI Developer,Data Modeling,Intermediate,technical,What is fact table?,Stores measurable data,Stores metadata,UI layout,Server logs,Stores measurable data,Fact tables store metrics.

BI Developer,Data Modeling,Intermediate,technical,What is dimension table?,Stores descriptive data,Stores metrics,Code block,Server config,Stores descriptive data,Dimensions provide context.

BI Developer,Data Modeling,Advanced,technical,What is data warehouse?,Central data repository,Code repository,UI dashboard,Server log,Central data repository,Warehouse stores integrated data.

BI Developer,Data Modeling,Advanced,technical,What is ETL?,Extract transform load process,Code testing,UI design,Server config,Extract transform load process,ETL moves data.

BI Developer,Data Modeling,Advanced,technical,What is OLAP?,Analytical processing system,Transactional system,Code tool,UI framework,Analytical processing system,Used for analysis.

BI Developer,Data Modeling,Advanced,technical,What is denormalization?,Adding redundancy for performance,Removing duplicates,Sorting data,Deleting tables,Adding redundancy for performance,Used for faster queries.

BI Developer,Data Modeling,Advanced,technical,What is surrogate key?,Artificial unique key,Natural key,Foreign key,Primary attribute,Artificial unique key,Used in data warehouses.

BI Developer,Data Modeling,Beginner,situational,A dataset has redundant fields. What should you do?,Apply normalization,Ignore redundancy,Delete dataset,Proceed as is,Apply normalization,Normalization removes redundancy.

BI Developer,Data Modeling,Intermediate,situational,Fact table is too large. What should you do?,Optimize schema design,Ignore issue,Delete data,Split randomly,Optimize schema design,Design improves performance.

BI Developer,Data Modeling,Intermediate,situational,Relationships are unclear in model. What should you do?,Redefine relationships,Ignore issue,Delete entities,Proceed anyway,Redefine relationships,Clear relationships improve structure.

BI Developer,Data Modeling,Advanced,situational,Query performance is slow in warehouse. What should you do?,Use denormalization strategically,Ignore issue,Delete data,Restart system,Use denormalization strategically,Denormalization improves performance.

BI Developer,Data Modeling,Advanced,situational,Data pipeline fails frequently. What should you do?,Improve ETL process,Ignore issue,Delete pipeline,Delay processing,Improve ETL process,Stable pipelines ensure reliability.

BI Developer,Data Visualization,Beginner,technical,What is dashboard?,Collection of visual insights,Code editor,Database table,Server panel,Collection of visual insights,Dashboards display metrics.

BI Developer,Data Visualization,Beginner,technical,What is bar chart?,Compares categories,Shows trends,Displays proportions,Maps locations,Compares categories,Bar charts compare values.

BI Developer,Data Visualization,Beginner,technical,What is line chart?,Shows trends over time,Compares categories,Displays proportions,Maps data,Shows trends over time,Line charts show time trends.

BI Developer,Data Visualization,Beginner,technical,What is pie chart?,Shows proportions,Compares trends,Sorts data,Filters data,Shows proportions,Pie charts show distribution.

BI Developer,Data Visualization,Beginner,technical,What is axis?,Reference for values,Data point,Legend label,Color scheme,Reference for values,Axes define scale.

BI Developer,Data Visualization,Intermediate,technical,What is data storytelling?,Communicating insights visually,Writing code,Testing UI,Managing servers,Communicating insights visually,Storytelling explains data.

BI Developer,Data Visualization,Intermediate,technical,What improves dashboard clarity?,Simple layout,Complex visuals,Too many colors,Random charts,Simple layout,Clarity improves usability.

BI Developer,Data Visualization,Intermediate,technical,What is legend?,Explains chart symbols,Axis label,Data table,Code block,Explains chart symbols,Legend clarifies charts.

BI Developer,Data Visualization,Intermediate,technical,What is heatmap?,Color-based data view,Bar chart,Line chart,Pie chart,Color-based data view,Heatmaps show intensity.

BI Developer,Data Visualization,Intermediate,technical,What is scatter plot?,Shows variable relationship,Displays proportions,Shows trends,Sorts data,Shows variable relationship,Scatter plots show correlation.

BI Developer,Data Visualization,Advanced,technical,What is drill down?,Explore detailed data,Summarize data,Delete records,Sort data,Explore detailed data,Drill down reveals detail.

BI Developer,Data Visualization,Advanced,technical,What is visualization bias?,Misleading visual representation,Accurate data display,Sorting method,Cleaning technique,Misleading visual representation,Bias distorts insights.

BI Developer,Data Visualization,Advanced,technical,What is KPI dashboard?,Displays key metrics,Code panel,Database schema,Server log,Displays key metrics,KPI dashboards track performance.

BI Developer,Data Visualization,Advanced,technical,What is real-time dashboard?,Live data display,Static report,Code output,Server log,Live data display,Real-time dashboards update continuously.

BI Developer,Data Visualization,Advanced,technical,What is visualization best practice?,Keep charts clear and simple,Add more data,Use many colors,Ignore labels,Keep charts clear and simple,Clarity ensures understanding.

BI Developer,SQL,Intermediate,technical,What is DISTINCT?,Removes duplicate values,Sorts data,Deletes rows,Groups data,Removes duplicate values,DISTINCT ensures unique results.

BI Developer,SQL,Intermediate,technical,What is BETWEEN?,Filters range of values,Matches patterns,Joins tables,Sorts data,Filters range of values,BETWEEN filters within limits.

BI Developer,SQL,Intermediate,technical,What is LIKE?,Matches text patterns,Filters range,Joins tables,Deletes rows,Matches text patterns,LIKE supports pattern search.

BI Developer,SQL,Advanced,technical,What is stored procedure?,Reusable SQL block,Table structure,Index file,Join type,Reusable SQL block,Procedures automate logic.

BI Developer,SQL,Advanced,technical,What is schema?,Database structure,Query output,Join result,Filter condition,Database structure,Schema defines layout.

BI Developer,Data Modeling,Intermediate,technical,What is grain of fact table?,Level of detail,Number of rows,Table size,Schema type,Level of detail,Grain defines detail level.

BI Developer,Data Modeling,Advanced,technical,What is slowly changing dimension?,Tracking changes over time,Static data table,Code module,Server config,Tracking changes over time,SCD manages history.

BI Developer,Data Modeling,Advanced,technical,What is data mart?,Subset of warehouse,Entire database,Code repository,UI dashboard,Subset of warehouse,Data marts serve specific needs.

BI Developer,Data Modeling,Intermediate,technical,What is cardinality?,Relationship count between tables,Number of columns,Row size,Query speed,Relationship count between tables,Cardinality defines relationships.

BI Developer,Data Modeling,Advanced,technical,What is conformed dimension?,Shared dimension across models,Unique dimension,Code structure,Server config,Shared dimension across models,Ensures consistency.

BI Developer,Data Visualization,Intermediate,technical,What is dashboard filtering?,Selecting subset of data,Deleting data,Sorting charts,Adding visuals,Selecting subset of data,Filters refine views.

BI Developer,Data Visualization,Advanced,technical,What is interactive dashboard?,User-driven data exploration,Static report,Code output,Server log,User-driven data exploration,Interaction improves usability.

BI Developer,Data Visualization,Advanced,technical,What is visualization layering?,Combining multiple visuals,Deleting charts,Sorting data,Grouping rows,Combining multiple visuals,Layering enhances insights.

BI Developer,Data Visualization,Intermediate,technical,What is annotation?,Adding context to charts,Removing labels,Sorting data,Deleting values,Adding context to charts,Annotations explain insights.

BI Developer,Data Visualization,Advanced,technical,What is dashboard performance?,Speed of dashboard loading,UI design quality,Code length,Server logs,Speed of dashboard loading,Performance affects usability.

BI Developer,SQL,Beginner,situational,Query returns duplicate rows. What should you do?,Use DISTINCT,Delete table,Ignore issue,Restart system,Use DISTINCT,Ensures unique output.

BI Developer,Data Modeling,Intermediate,situational,Fact table grain is unclear. What should you do?,Define grain clearly,Ignore issue,Delete table,Proceed anyway,Define grain clearly,Grain defines accuracy.

BI Developer,Data Modeling,Advanced,situational,Dimension data changes over time. What should you do?,Use SCD technique,Ignore changes,Delete data,Restart system,Use SCD technique,SCD handles history.

BI Developer,Data Visualization,Intermediate,situational,Dashboard loads slowly. What should you do?,Optimize queries and design,Ignore issue,Delete charts,Add visuals,Optimize queries and design,Optimization improves speed.

BI Developer,Data Visualization,Advanced,situational,Users misinterpret dashboard insights. What should you do?,Improve clarity and context,Ignore issue,Delete dashboard,Add more charts,Improve clarity and context,Clear design prevents confusion.

BI Developer,SQL,Advanced,technical,What is UNION?,Combines results of queries,Filters rows,Sorts data,Deletes records,Combines results of queries,UNION merges query outputs.

BI Developer,SQL,Advanced,technical,What is trigger?,Automatic database action,Manual query,Table structure,Join type,Automatic database action,Triggers run on events.

BI Developer,SQL,Advanced,technical,What is ACID property?,Ensures transaction reliability,Sorting method,Join technique,Index type,Ensures transaction reliability,ACID maintains integrity.

BI Developer,SQL,Intermediate,technical,What is foreign key?,Reference to another table,Primary identifier,Unique column,Data filter,Reference to another table,Foreign keys link tables.

BI Developer,SQL,Advanced,technical,What is denormalization?,Adding redundancy for performance,Removing duplicates,Sorting data,Deleting tables,Adding redundancy for performance,Improves performance.

BI Developer,Data Modeling,Intermediate,technical,What is hierarchy in dimension?,Levels within dimension,Table size,Row count,Query speed,Levels within dimension,Hierarchy organizes data.

BI Developer,Data Modeling,Advanced,technical,What is factless fact table?,Table without measures,Table with metrics,Code module,UI design,Table without measures,Used for tracking events.

BI Developer,Data Modeling,Advanced,technical,What is degenerate dimension?,Dimension without separate table,Fact table,Code block,Server config,Dimension without separate table,Stored in fact table.

BI Developer,Data Modeling,Intermediate,technical,What is data lineage?,Tracking data flow,Sorting data,Deleting data,Grouping rows,Tracking data flow,Lineage shows origin.

BI Developer,Data Modeling,Advanced,technical,What is partitioning?,Splitting data for performance,Deleting data,Sorting rows,Grouping tables,Splitting data for performance,Improves query speed.

BI Developer,Data Visualization,Intermediate,technical,What is filter context?,Subset applied to data,Full dataset,Code block,UI layout,Subset applied to data,Filters affect visuals.

BI Developer,Data Visualization,Advanced,technical,What is drill through?,Navigate to detailed report,Delete records,Sort data,Group rows,Navigate to detailed report,Provides deeper insights.

BI Developer,Data Visualization,Advanced,technical,What is calculated field?,Derived value from data,Raw data,Code block,Server log,Derived value from data,Used for analysis.

BI Developer,Data Visualization,Intermediate,technical,What is tooltip?,Extra info on hover,Chart title,Axis label,Legend,Extra info on hover,Enhances understanding.

BI Developer,Data Visualization,Advanced,technical,What is dashboard usability?,Ease of user interaction,Code performance,Server speed,UI color,Ease of user interaction,Usability improves adoption.

BI Developer,SQL,Intermediate,situational,Query returns wrong aggregation. What should you do?,Check GROUP BY logic,Ignore issue,Delete data,Restart system,Check GROUP BY logic,Grouping affects results.

BI Developer,Data Modeling,Advanced,situational,Data warehouse grows too large. What should you do?,Implement partitioning,Ignore issue,Delete data,Restart system,Implement partitioning,Partitioning improves performance.

BI Developer,Data Modeling,Intermediate,situational,Data lineage is unclear. What should you do?,Document data flow,Ignore issue,Delete data,Restart system,Document data flow,Clarity ensures trust.

BI Developer,Data Visualization,Advanced,situational,Users cannot navigate dashboard. What should you do?,Improve usability design,Ignore issue,Delete dashboard,Add more charts,Improve usability design,Better UX improves usage.

BI Developer,Data Visualization,Intermediate,situational,Filters give unexpected results. What should you do?,Validate filter logic,Ignore issue,Delete filters,Restart system,Validate filter logic,Correct logic ensures accuracy.

role,skill,level,type,question,option_a,option_b,option_c,option_d,correct_answer,explanation

Data Analyst,Data Analysis,Beginner,technical,What is data analysis?,Examining data for insights,Writing code,Designing UI,Managing servers,Examining data for insights,Analysis helps decision making.

Data Analyst,Data Analysis,Beginner,technical,What is dataset?,Collection of data,Single value,Code block,UI element,Collection of data,Dataset stores structured data.

Data Analyst,Data Analysis,Beginner,technical,What is variable?,Data attribute,Database table,Server log,UI component,Data attribute,Variables represent features.

Data Analyst,Data Analysis,Beginner,technical,What is data cleaning?,Fixing inaccurate data,Writing code,Designing UI,Testing system,Fixing inaccurate data,Clean data ensures accuracy.

Data Analyst,Data Analysis,Beginner,technical,What is descriptive analysis?,Summarizing past data,Predicting future data,Optimizing systems,Testing software,Summarizing past data,Descriptive shows what happened.

Data Analyst,Data Analysis,Intermediate,technical,What is exploratory data analysis?,Understanding patterns in data,Writing code,Testing system,Deploying apps,Understanding patterns in data,EDA explores relationships.

Data Analyst,Data Analysis,Intermediate,technical,What is correlation?,Relationship between variables,Sorting data,Deleting data,Grouping data,Relationship between variables,Correlation shows association.

Data Analyst,Data Analysis,Intermediate,technical,What is mean?,Average value,Maximum value,Minimum value,Total sum,Average value,Mean represents central value.

Data Analyst,Data Analysis,Intermediate,technical,What is outlier?,Extreme value,Average value,Duplicate value,Missing value,Extreme value,Outliers deviate from normal.

Data Analyst,Data Analysis,Intermediate,technical,What is data visualization?,Graphical data representation,Code writing,Server setup,UI design,Graphical data representation,Visuals improve understanding.

Data Analyst,Data Analysis,Advanced,technical,What is predictive analysis?,Forecasting future trends,Summarizing past data,Cleaning data,Sorting data,Forecasting future trends,Uses models to predict.

Data Analyst,Data Analysis,Advanced,technical,What is regression?,Modeling relationships,Sorting data,Deleting data,Grouping rows,Modeling relationships,Regression predicts outcomes.

Data Analyst,Data Analysis,Advanced,technical,What is hypothesis testing?,Testing assumptions statistically,Writing queries,Designing UI,Managing servers,Testing assumptions statistically,Validates assumptions.

Data Analyst,Data Analysis,Advanced,technical,What is variance?,Measure of spread,Average value,Total sum,Maximum value,Measure of spread,Variance shows dispersion.

Data Analyst,Data Analysis,Advanced,technical,What is bias in data?,Systematic error,Random value,Duplicate entry,Missing value,Systematic error,Bias affects accuracy.

Data Analyst,Data Analysis,Beginner,situational,Dataset has missing values. What should you do?,Clean or impute data,Ignore issue,Delete dataset,Proceed anyway,Clean or impute data,Handling missing data improves accuracy.

Data Analyst,Data Analysis,Intermediate,situational,Results seem inconsistent. What should you do?,Verify data and logic,Ignore results,Present anyway,Delete data,Verify data and logic,Validation ensures accuracy.

Data Analyst,Data Analysis,Intermediate,situational,Stakeholder questions your findings. What should you do?,Explain methodology clearly,Ignore question,Change results,Blame data,Explain methodology clearly,Transparency builds trust.

Data Analyst,Data Analysis,Advanced,situational,Unexpected trend appears. What should you do?,Investigate root cause,Ignore trend,Delete data,Change dataset,Investigate root cause,Analysis requires validation.

Data Analyst,Data Analysis,Advanced,situational,Data shows strong correlation. What should you do?,Analyze deeper relationship,Ignore correlation,Delete variables,Change dataset,Analyze deeper relationship,Correlation needs further analysis.

Data Analyst,Excel,Beginner,technical,What is Excel?,Spreadsheet tool,Code editor,Database server,UI tool,Spreadsheet tool,Excel is used for data analysis.

Data Analyst,Excel,Beginner,technical,What is a cell?,Intersection of row and column,Entire table,Code block,Chart element,Intersection of row and column,Cells store data.

Data Analyst,Excel,Beginner,technical,What is a worksheet?,Single sheet in workbook,Entire file,Database table,Chart type,Single sheet in workbook,Worksheet holds data.

Data Analyst,Excel,Beginner,technical,What is formula?,Calculation expression,Data value,Chart element,Code block,Calculation expression,Formulas perform operations.

Data Analyst,Excel,Beginner,technical,What is SUM function?,Adds values,Counts values,Finds average,Finds max,Adds values,SUM calculates total.

Data Analyst,Excel,Intermediate,technical,What is VLOOKUP?,Searches vertical data,Sorts data,Deletes rows,Groups data,Searches vertical data,VLOOKUP retrieves values.

Data Analyst,Excel,Intermediate,technical,What is HLOOKUP?,Searches horizontal data,Sorts data,Deletes rows,Groups data,Searches horizontal data,HLOOKUP retrieves horizontally.

Data Analyst,Excel,Intermediate,technical,What is pivot table?,Summarizes data dynamically,Deletes data,Sorts rows,Groups charts,Summarizes data dynamically,Pivot tables analyze data.

Data Analyst,Excel,Intermediate,technical,What is conditional formatting?,Highlights data based on rules,Deletes data,Sorts rows,Groups values,Highlights data based on rules,Helps visualize patterns.

Data Analyst,Excel,Intermediate,technical,What is filter?,Shows subset of data,Deletes rows,Sorts data,Groups values,Shows subset of data,Filters refine dataset.

Data Analyst,Excel,Advanced,technical,What is INDEX MATCH?,Advanced lookup method,Sorting technique,Chart type,Code block,Advanced lookup method,More flexible than VLOOKUP.

Data Analyst,Excel,Advanced,technical,What is data validation?,Restricts input values,Deletes data,Sorts data,Groups values,Restricts input values,Ensures data accuracy.

Data Analyst,Excel,Advanced,technical,What is macro?,Automates tasks,Deletes data,Sorts rows,Groups values,Automates tasks,Macros save time.

Data Analyst,Excel,Advanced,technical,What is Power Query?,Data transformation tool,Chart tool,Code editor,Server config,Data transformation tool,Used for ETL in Excel.

Data Analyst,Excel,Advanced,technical,What is Power Pivot?,Data modeling tool,Chart type,Code module,Server log,Data modeling tool,Handles large datasets.

Data Analyst,Excel,Beginner,situational,Data has duplicates. What should you do?,Remove duplicates,Ignore issue,Delete file,Restart Excel,Remove duplicates,Ensures clean data.

Data Analyst,Excel,Intermediate,situational,Data is difficult to analyze. What should you do?,Use pivot table,Ignore issue,Delete data,Sort randomly,Use pivot table,Pivot simplifies analysis.

Data Analyst,Excel,Intermediate,situational,You need quick lookup across tables. What should you do?,Use VLOOKUP or INDEX MATCH,Ignore task,Delete data,Sort manually,Use VLOOKUP or INDEX MATCH,Lookup functions save time.

Data Analyst,Excel,Advanced,situational,Manual tasks repeat often. What should you do?,Use macros,Ignore issue,Delete data,Work manually,Use macros,Automation improves efficiency.

Data Analyst,Excel,Advanced,situational,Data from multiple sources needs cleaning. What should you do?,Use Power Query,Ignore issue,Delete data,Sort manually,Use Power Query,Power Query handles transformation.

Data Analyst,Data Storytelling,Beginner,technical,What is data storytelling?,Communicating insights with data,Writing code,Designing UI,Managing servers,Communicating insights with data,Storytelling explains insights.

Data Analyst,Data Storytelling,Beginner,technical,What is key message?,Main takeaway from data,Code output,UI element,Server log,Main takeaway from data,Key message highlights insight.

Data Analyst,Data Storytelling,Beginner,technical,What is audience analysis?,Understanding audience needs,Writing code,Testing system,Deploying apps,Understanding audience needs,Helps tailor communication.

Data Analyst,Data Storytelling,Beginner,technical,What is narrative?,Structured explanation of insights,Code structure,UI design,Server config,Structured explanation of insights,Narrative builds story.

Data Analyst,Data Storytelling,Beginner,technical,What is data visualization?,Graphical representation of data,Code writing,Server setup,UI design,Graphical representation of data,Visuals aid storytelling.

Data Analyst,Data Storytelling,Intermediate,technical,What is storytelling flow?,Logical sequence of insights,Random data display,Code flow,UI layout,Logical sequence of insights,Flow improves understanding.

Data Analyst,Data Storytelling,Intermediate,technical,What is context in storytelling?,Background for insights,Code logic,UI design,Server config,Background for insights,Context adds meaning.

Data Analyst,Data Storytelling,Intermediate,technical,What is call to action?,Recommended next step,Code output,UI element,Server log,Recommended next step,CTA drives decisions.

Data Analyst,Data Storytelling,Intermediate,technical,What is insight?,Meaningful interpretation of data,Raw data,Code output,UI element,Meaningful interpretation of data,Insights guide decisions.

Data Analyst,Data Storytelling,Intermediate,technical,What is data simplification?,Reducing complexity,Adding more data,Sorting data,Deleting rows,Reducing complexity,Simplification improves clarity.

Data Analyst,Data Storytelling,Advanced,technical,What is storytelling impact?,Influence on decisions,Code performance,UI design,Server speed,Influence on decisions,Impact drives action.

Data Analyst,Data Storytelling,Advanced,technical,What is bias in storytelling?,Misleading interpretation,Accurate insight,Data cleaning,Sorting method,Misleading interpretation,Bias distorts message.

Data Analyst,Data Storytelling,Advanced,technical,What is storytelling structure?,Organized presentation format,Random layout,Code structure,UI design,Organized presentation format,Structure improves clarity.

Data Analyst,Data Storytelling,Advanced,technical,What is executive summary?,Short overview of insights,Full report,Code output,UI layout,Short overview of insights,Summaries save time.

Data Analyst,Data Storytelling,Advanced,technical,What is insight prioritization?,Ranking insights by importance,Sorting data,Deleting data,Grouping rows,Ranking insights by importance,Focus improves communication.

Data Analyst,Data Storytelling,Beginner,situational,Audience does not understand data. What should you do?,Simplify explanation,Ignore audience,Add more data,Delay presentation,Simplify explanation,Clarity improves understanding.

Data Analyst,Data Storytelling,Intermediate,situational,Stakeholder wants too much detail. What should you do?,Focus on key insights,Provide all data,Ignore request,Delay report,Focus on key insights,Concise communication works best.

Data Analyst,Data Storytelling,Intermediate,situational,Insights are not actionable. What should you do?,Add recommendations,Ignore issue,Present anyway,Delay report,Add recommendations,Actionable insights drive decisions.

Data Analyst,Data Storytelling,Advanced,situational,Stakeholder challenges your story. What should you do?,Support with data evidence,Ignore challenge,Change story,Blame data,Support with data evidence,Data builds credibility.

Data Analyst,Data Storytelling,Advanced,situational,Story lacks impact. What should you do?,Refine narrative and focus,Ignore issue,Add more charts,Delay presentation,Refine narrative and focus,Strong narrative drives impact.

Data Analyst,Data Analysis,Intermediate,technical,What is data aggregation?,Combining multiple values,Deleting rows,Sorting data,Filtering data,Combining multiple values,Aggregation summarizes data.

Data Analyst,Data Analysis,Advanced,technical,What is multivariate analysis?,Analyzing multiple variables,Single variable analysis,Sorting data,Filtering data,Analyzing multiple variables,Used for complex patterns.

Data Analyst,Data Analysis,Advanced,technical,What is time series analysis?,Analyzing data over time,Grouping data,Sorting rows,Deleting records,Analyzing data over time,Tracks trends.

Data Analyst,Data Analysis,Intermediate,technical,What is sampling?,Selecting subset of data,Deleting rows,Sorting data,Grouping values,Selecting subset of data,Sampling reduces dataset size.

Data Analyst,Data Analysis,Advanced,technical,What is anomaly detection?,Finding unusual patterns,Sorting data,Grouping data,Deleting records,Finding unusual patterns,Detects irregularities.

Data Analyst,Excel,Intermediate,technical,What is IF function?,Conditional logic function,Sorting tool,Chart type,Data filter,Conditional logic function,IF performs logical tests.

Data Analyst,Excel,Advanced,technical,What is nested formula?,Formula within formula,Single formula,Chart type,Data filter,Formula within formula,Used for complex calculations.

Data Analyst,Excel,Advanced,technical,What is lookup error?,Error when value not found,Sorting issue,Chart problem,Server error,Error when value not found,Occurs in lookup functions.

Data Analyst,Excel,Intermediate,technical,What is text to columns?,Splitting data into columns,Deleting data,Sorting rows,Grouping values,Splitting data into columns,Used for data cleaning.

Data Analyst,Excel,Advanced,technical,What is array formula?,Handles multiple values,Single value formula,Chart type,Server log,Handles multiple values,Used for complex calculations.

Data Analyst,Data Storytelling,Intermediate,technical,What is insight clarity?,Clear understanding of insight,Code readability,UI design,Server performance,Clear understanding of insight,Clarity improves communication.

Data Analyst,Data Storytelling,Advanced,technical,What is storytelling consistency?,Maintaining logical flow,Random presentation,Code structure,UI design,Maintaining logical flow,Consistency improves understanding.

Data Analyst,Data Storytelling,Advanced,technical,What is data framing?,Presenting data in context,Sorting data,Deleting rows,Grouping values,Presenting data in context,Framing influences interpretation.

Data Analyst,Data Storytelling,Intermediate,technical,What is storytelling simplicity?,Keeping message clear,Adding more data,Sorting charts,Deleting visuals,Keeping message clear,Simplicity improves clarity.

Data Analyst,Data Storytelling,Advanced,technical,What is narrative bias?,Biased interpretation of data,Accurate insight,Data cleaning,Sorting method,Biased interpretation of data,Bias affects storytelling.

Data Analyst,Data Analysis,Beginner,situational,Data is inconsistent across sources. What should you do?,Standardize data,Ignore issue,Delete data,Proceed anyway,Standardize data,Consistency ensures reliability.

Data Analyst,Excel,Intermediate,situational,Data formula gives wrong output. What should you do?,Check formula logic,Ignore issue,Delete data,Restart Excel,Check formula logic,Correct logic ensures accuracy.

Data Analyst,Data Analysis,Advanced,situational,Analysis results conflict with expectations. What should you do?,Revalidate data and assumptions,Ignore results,Change findings,Blame data,Revalidate data and assumptions,Validation ensures accuracy.

Data Analyst,Data Storytelling,Intermediate,situational,Audience loses interest in presentation. What should you do?,Make story engaging and concise,Add more data,Ignore issue,Delay presentation,Make story engaging and concise,Engagement improves impact.

Data Analyst,Data Storytelling,Advanced,situational,Insights are technically correct but unclear. What should you do?,Improve clarity and structure,Ignore issue,Add more charts,Delay presentation,Improve clarity and structure,Clarity ensures understanding.

Data Analyst,Data Analysis,Advanced,technical,What is data reliability?,Consistency and accuracy of data,Code quality,UI design,Server speed,Consistency and accuracy of data,Reliable data ensures valid insights.

Data Analyst,Data Analysis,Intermediate,technical,What is data integrity?,Correctness of data,Sorting data,Deleting rows,Grouping values,Correctness of data,Integrity ensures trust.

Data Analyst,Data Analysis,Advanced,technical,What is causal analysis?,Identifying cause and effect,Sorting data,Grouping data,Deleting rows,Identifying cause and effect,Causal analysis explains relationships.

Data Analyst,Data Analysis,Intermediate,technical,What is data transformation?,Changing data format,Deleting data,Sorting rows,Grouping values,Changing data format,Transformation prepares data.

Data Analyst,Data Analysis,Advanced,technical,What is model accuracy?,Correctness of predictions,Code speed,UI design,Server uptime,Correctness of predictions,Accuracy measures model quality.

Data Analyst,Excel,Intermediate,technical,What is COUNT function?,Counts numeric values,Adds values,Finds average,Finds max,Counts numeric values,COUNT counts numbers.

Data Analyst,Excel,Advanced,technical,What is MATCH function?,Finds position of value,Sorts data,Deletes rows,Groups values,Finds position of value,MATCH returns index.

Data Analyst,Excel,Advanced,technical,What is lookup array?,Range for lookup,Single value,Chart type,Server log,Range for lookup,Used in lookup functions.

Data Analyst,Excel,Intermediate,technical,What is sort?,Arranges data order,Deletes data,Groups values,Filters data,Arranges data order,Sorting organizes data.

Data Analyst,Excel,Advanced,technical,What is pivot chart?,Chart from pivot table,Static chart,Code output,Server log,Chart from pivot table,Pivot charts visualize summary.

Data Analyst,Data Storytelling,Intermediate,technical,What is storytelling relevance?,Matching insight to audience,Code logic,UI design,Server config,Matching insight to audience,Relevance ensures impact.

Data Analyst,Data Storytelling,Advanced,technical,What is persuasive storytelling?,Influencing decisions with data,Writing code,Designing UI,Managing servers,Influencing decisions with data,Persuasion drives action.

Data Analyst,Data Storytelling,Advanced,technical,What is data narrative framing?,Structuring story for impact,Sorting data,Deleting rows,Grouping values,Structuring story for impact,Framing shapes perception.

Data Analyst,Data Storytelling,Intermediate,technical,What is storytelling visualization choice?,Selecting appropriate chart,Adding more charts,Deleting visuals,Ignoring visuals,Selecting appropriate chart,Right visuals improve clarity.

Data Analyst,Data Storytelling,Advanced,technical,What is storytelling credibility?,Trust in data story,Code accuracy,UI design,Server speed,Trust in data story,Credibility builds confidence.

Data Analyst,Data Analysis,Intermediate,situational,Data results vary across reports. What should you do?,Validate data sources,Ignore issue,Delete reports,Proceed anyway,Validate data sources,Consistency ensures trust.

Data Analyst,Excel,Advanced,situational,Excel file is too large and slow. What should you do?,Optimize formulas and data,Ignore issue,Delete file,Restart system,Optimize formulas and data,Optimization improves performance.

Data Analyst,Data Analysis,Advanced,situational,Model predictions are inconsistent. What should you do?,Refine model and data,Ignore results,Delete model,Change output,Refine model and data,Improvement ensures reliability.

Data Analyst,Data Storytelling,Intermediate,situational,Stakeholder wants quick summary. What should you do?,Provide concise insights,Add more details,Ignore request,Delay report,Provide concise insights,Concise communication works best.

Data Analyst,Data Storytelling,Advanced,situational,Decision makers doubt your findings. What should you do?,Support with clear evidence,Ignore doubts,Change results,Blame data,Support with clear evidence,Evidence builds trust.

role,skill,level,type,question,option_a,option_b,option_c,option_d,correct_answer,explanation

Product Owner,Agile Fundamentals,Beginner,technical,What is Scrum?,Agile framework,Programming language,UI tool,Database system,Agile framework,Scrum is an Agile framework.

Product Owner,Agile Fundamentals,Beginner,technical,What is a sprint?,Time-boxed iteration,Code module,UI layout,Server setup,Time-boxed iteration,Sprints define work cycles.

Product Owner,Agile Fundamentals,Beginner,technical,What is product backlog?,List of work items,Code repository,UI layout,Server logs,List of work items,Backlog stores requirements.

Product Owner,Agile Fundamentals,Beginner,technical,Who is Product Owner?,Defines product priorities,Writes code,Tests system,Designs UI,Defines product priorities,PO manages backlog.

Product Owner,Agile Fundamentals,Beginner,technical,Who is Scrum Master?,Facilitates Scrum process,Writes code,Designs UI,Tests system,Facilitates Scrum process,Scrum Master supports team.

Product Owner,Agile Fundamentals,Intermediate,technical,What is sprint planning?,Planning sprint tasks,Code review,UI design,Server setup,Planning sprint tasks,Defines sprint scope.

Product Owner,Agile Fundamentals,Intermediate,technical,What is daily standup?,Short team sync meeting,Code review,UI testing,Server check,Short team sync meeting,Ensures alignment.

Product Owner,Agile Fundamentals,Intermediate,technical,What is sprint review?,Review completed work,Code testing,UI design,Server check,Review completed work,Shows output.

Product Owner,Agile Fundamentals,Intermediate,technical,What is retrospective?,Process improvement meeting,Code review,UI testing,Server setup,Process improvement meeting,Improves team workflow.

Product Owner,Agile Fundamentals,Intermediate,technical,What is sprint backlog?,Work selected for sprint,All tasks,Code file,Server log,Work selected for sprint,Sprint backlog defines execution.

Product Owner,Agile Fundamentals,Advanced,technical,What is Agile principle?,Focus on customer value,Code optimization,UI design,Server setup,Focus on customer value,Agile prioritizes users.

Product Owner,Agile Fundamentals,Advanced,technical,What is incremental delivery?,Delivering in parts,Delivering once,Code deployment,UI design,Delivering in parts,Supports fast feedback.

Product Owner,Agile Fundamentals,Advanced,technical,What is cross functional team?,Team with multiple skills,Only developers,Only testers,Only managers,Team with multiple skills,Ensures efficiency.

Product Owner,Agile Fundamentals,Advanced,technical,What is Agile scaling?,Applying Agile at scale,Small team Agile,Code scaling,UI scaling,Applying Agile at scale,Used in enterprises.

Product Owner,Agile Fundamentals,Advanced,technical,What is continuous improvement?,Ongoing process enhancement,Code updates,UI design,Server config,Ongoing process enhancement,Core Agile concept.

Product Owner,Agile Fundamentals,Beginner,situational,Team skips daily standups. What should you do?,Reinforce importance,Ignore issue,Cancel meetings,Delay sprint,Reinforce importance,Standups ensure alignment.

Product Owner,Agile Fundamentals,Intermediate,situational,Sprint goals are unclear. What should you do?,Clarify objectives,Ignore issue,Delay sprint,Add more tasks,Clarify objectives,Clear goals guide team.

Product Owner,Agile Fundamentals,Intermediate,situational,Team velocity drops. What should you do?,Analyze root cause,Ignore issue,Blame team,Increase workload,Analyze root cause,Understanding improves performance.

Product Owner,Agile Fundamentals,Advanced,situational,Scope changes disrupt sprint. What should you do?,Control scope and manage changes,Accept all changes,Ignore issue,Delay sprint,Control scope and manage changes,Stability ensures delivery.

Product Owner,Agile Fundamentals,Advanced,situational,Team struggles with Agile adoption. What should you do?,Provide guidance and support,Ignore issue,Force process,Delay project,Provide guidance and support,Support improves adoption.

Product Owner,Backlog Management,Beginner,technical,What is backlog refinement?,Improving backlog items,Deleting backlog,Sorting code,Testing system,Improving backlog items,Refinement ensures clarity.

Product Owner,Backlog Management,Beginner,technical,What is backlog prioritization?,Ranking items by importance,Writing code,Designing UI,Testing system,Ranking items by importance,Prioritization ensures value.

Product Owner,Backlog Management,Beginner,technical,What is user story?,Short feature description,Code module,Database table,Server config,Short feature description,Stories describe requirements.

Product Owner,Backlog Management,Beginner,technical,What is acceptance criteria?,Conditions for completion,Code logic,UI design,Server setup,Conditions for completion,Defines success.

Product Owner,Backlog Management,Beginner,technical,What is backlog item?,Unit of work,Code block,UI element,Server log,Unit of work,Backlog stores items.

Product Owner,Backlog Management,Intermediate,technical,What is story prioritization?,Ordering stories by value,Writing code,Testing UI,Managing logs,Ordering stories by value,Ensures focus.

Product Owner,Backlog Management,Intermediate,technical,What is backlog grooming?,Updating backlog regularly,Deleting backlog,Sorting code,Testing system,Updating backlog regularly,Maintains backlog quality.

Product Owner,Backlog Management,Intermediate,technical,What is epic?,Large feature broken into stories,Small task,Code module,UI component,Large feature broken into stories,Epics organize work.

Product Owner,Backlog Management,Intermediate,technical,What is story estimation?,Estimating effort required,Writing code,Testing UI,Managing logs,Estimating effort required,Helps planning.

Product Owner,Backlog Management,Intermediate,technical,What is story mapping?,Organizing stories visually,Writing code,Designing UI,Testing system,Organizing stories visually,Improves workflow understanding.

Product Owner,Backlog Management,Advanced,technical,What is INVEST principle?,Guidelines for good stories,Code rule,UI design standard,Server config,Guidelines for good stories,Ensures story quality.

Product Owner,Backlog Management,Advanced,technical,What is story splitting?,Breaking large stories,Deleting tasks,Grouping code,Sorting data,Breaking large stories,Makes work manageable.

Product Owner,Backlog Management,Advanced,technical,What is backlog health?,Quality of backlog,Code quality,UI layout,Server uptime,Quality of backlog,Healthy backlog improves delivery.

Product Owner,Backlog Management,Advanced,technical,What is story alignment?,Matching stories with goals,Writing code,Testing UI,Managing servers,Matching stories with goals,Ensures relevance.

Product Owner,Backlog Management,Advanced,technical,What is backlog ownership?,Responsibility for backlog,Writing code,Testing UI,Managing servers,Responsibility for backlog,PO owns backlog.

Product Owner,Backlog Management,Beginner,situational,Backlog items are unclear. What should you do?,Refine and clarify items,Ignore issue,Delay sprint,Guess requirements,Refine and clarify items,Clarity ensures execution.

Product Owner,Backlog Management,Intermediate,situational,Too many backlog items exist. What should you do?,Prioritize effectively,Add more items,Ignore issue,Delay work,Prioritize effectively,Focus improves delivery.

Product Owner,Backlog Management,Intermediate,situational,Stories lack acceptance criteria. What should you do?,Define criteria clearly,Ignore issue,Delay sprint,Add later,Define criteria clearly,Criteria ensures clarity.

Product Owner,Backlog Management,Advanced,situational,Backlog is misaligned with goals. What should you do?,Realign with strategy,Ignore mismatch,Delay sprint,Add more stories,Realign with strategy,Alignment ensures value.

Product Owner,Backlog Management,Advanced,situational,Stakeholders keep adding low priority items. What should you do?,Manage prioritization strictly,Accept all items,Ignore stakeholders,Delay backlog,Manage prioritization strictly,Prioritization maintains focus.

Product Owner,Stakeholder Management,Beginner,technical,What is stakeholder?,Person affected by product,Developer only,Tester only,Manager only,Person affected by product,Stakeholders influence product decisions.

Product Owner,Stakeholder Management,Beginner,technical,What is stakeholder feedback?,Input from stakeholders,Code output,UI design,Server log,Input from stakeholders,Feedback improves product.

Product Owner,Stakeholder Management,Beginner,technical,What is stakeholder communication?,Sharing updates clearly,Writing code,Testing UI,Managing logs,Sharing updates clearly,Communication ensures alignment.

Product Owner,Stakeholder Management,Beginner,technical,What is stakeholder expectation?,What stakeholders want,Code logic,UI design,Server config,What stakeholders want,Expectations guide priorities.

Product Owner,Stakeholder Management,Beginner,technical,What is stakeholder alignment?,Agreement on goals,Code alignment,UI design,Server setup,Agreement on goals,Alignment ensures clarity.

Product Owner,Stakeholder Management,Intermediate,technical,What is stakeholder prioritization?,Ranking stakeholders by influence,Writing code,Testing UI,Managing logs,Ranking stakeholders by influence,Helps focus efforts.

Product Owner,Stakeholder Management,Intermediate,technical,What is stakeholder conflict?,Disagreement among stakeholders,Code error,UI issue,Server failure,Disagreement among stakeholders,Conflicts require resolution.

Product Owner,Stakeholder Management,Intermediate,technical,What is stakeholder engagement?,Involving stakeholders actively,Writing code,Testing UI,Managing logs,Involving stakeholders actively,Engagement builds trust.

Product Owner,Stakeholder Management,Intermediate,technical,What is stakeholder mapping?,Identifying stakeholder roles,Code mapping,UI design,Server config,Identifying stakeholder roles,Helps manage relationships.

Product Owner,Stakeholder Management,Intermediate,technical,What is stakeholder communication plan?,Structured communication strategy,Code plan,UI design,Server config,Structured communication strategy,Ensures clarity.

Product Owner,Stakeholder Management,Advanced,technical,What is stakeholder influence?,Impact on decisions,Code impact,UI design,Server config,Impact on decisions,Influence affects priorities.

Product Owner,Stakeholder Management,Advanced,technical,What is stakeholder risk?,Potential negative impact,Code bug,UI issue,Server failure,Potential negative impact,Risks must be managed.

Product Owner,Stakeholder Management,Advanced,technical,What is stakeholder negotiation?,Resolving conflicting needs,Writing code,Testing UI,Managing logs,Resolving conflicting needs,Negotiation ensures balance.

Product Owner,Stakeholder Management,Advanced,technical,What is stakeholder transparency?,Open communication,Code clarity,UI design,Server config,Open communication,Transparency builds trust.

Product Owner,Stakeholder Management,Advanced,technical,What is stakeholder value?,Benefit to stakeholders,Code value,UI design,Server speed,Benefit to stakeholders,Value drives satisfaction.

Product Owner,Sprint Execution,Beginner,situational,Stakeholder requests change mid sprint. What should you do?,Evaluate and manage change,Accept immediately,Ignore request,Delay sprint,Evaluate and manage change,Changes should be controlled.

Product Owner,Sprint Execution,Intermediate,situational,Team is unclear about priorities. What should you do?,Clarify backlog priorities,Ignore issue,Add more tasks,Delay sprint,Clarify backlog priorities,Clarity improves execution.

Product Owner,Sprint Execution,Intermediate,situational,Stakeholders disagree on feature priority. What should you do?,Align based on value,Choose randomly,Ignore conflict,Delay decision,Align based on value,Value based decisions work best.

Product Owner,Sprint Execution,Advanced,situational,Frequent scope changes disrupt sprint. What should you do?,Control scope and communicate,Accept all changes,Ignore issue,Delay sprint,Control scope and communicate,Stability ensures delivery.

Product Owner,Sprint Execution,Advanced,situational,Team misses sprint goals repeatedly. What should you do?,Analyze and adjust planning,Ignore issue,Blame team,Add more work,Analyze and adjust planning,Better planning improves outcomes.

Product Owner,Backlog Management,Intermediate,technical,What is backlog refinement meeting?,Session to improve backlog,Code review meeting,UI testing session,Server check meeting,Session to improve backlog,Refinement ensures clarity.

Product Owner,Backlog Management,Advanced,technical,What is backlog prioritization strategy?,Framework for ordering items,Writing code,Testing UI,Managing logs,Framework for ordering items,Strategy improves decisions.

Product Owner,Backlog Management,Advanced,technical,What is value based prioritization?,Ranking by business value,Sorting data,Deleting data,Grouping rows,Ranking by business value,Value drives priority.

Product Owner,Backlog Management,Intermediate,technical,What is backlog dependency?,Item relying on another,Code block,UI component,Server log,Item relying on another,Dependencies affect delivery.

Product Owner,Backlog Management,Advanced,technical,What is backlog risk?,Potential issues in backlog,Code bug,UI issue,Server failure,Potential issues in backlog,Risk impacts planning.

Product Owner,Stakeholder Management,Intermediate,technical,What is stakeholder escalation?,Raising issues to higher level,Writing code,Testing UI,Managing logs,Raising issues to higher level,Escalation resolves issues.

Product Owner,Stakeholder Management,Advanced,technical,What is stakeholder expectation management?,Aligning expectations realistically,Writing code,Testing UI,Managing logs,Aligning expectations realistically,Prevents conflicts.

Product Owner,Stakeholder Management,Advanced,technical,What is stakeholder decision making?,Influencing key decisions,Code logic,UI design,Server config,Influencing key decisions,Stakeholders impact direction.

Product Owner,Stakeholder Management,Intermediate,technical,What is stakeholder collaboration?,Working together effectively,Writing code,Testing UI,Managing logs,Working together effectively,Collaboration ensures success.

Product Owner,Stakeholder Management,Advanced,technical,What is stakeholder trust?,Confidence in decisions,Code accuracy,UI design,Server speed,Confidence in decisions,Trust improves relationships.

Product Owner,Sprint Execution,Intermediate,technical,What is sprint capacity planning?,Estimating team workload,Code capacity,UI capacity,Server capacity,Estimating team workload,Helps realistic planning.

Product Owner,Sprint Execution,Advanced,technical,What is sprint risk?,Risk affecting sprint delivery,Code bug,UI issue,Server failure,Risk affecting sprint delivery,Risks impact execution.

Product Owner,Sprint Execution,Advanced,technical,What is sprint dependency management?,Handling dependencies in sprint,Writing code,Testing UI,Managing logs,Handling dependencies in sprint,Ensures smooth execution.

Product Owner,Sprint Execution,Intermediate,technical,What is sprint commitment?,Planned sprint work,Code target,UI design,Server setup,Planned sprint work,Defines scope.

Product Owner,Sprint Execution,Advanced,technical,What is sprint outcome?,Result of sprint,Code output,UI design,Server log,Result of sprint,Outcome shows value delivered.

Product Owner,Backlog Management,Beginner,situational,Backlog items keep increasing. What should you do?,Prioritize and clean backlog,Ignore issue,Add more items,Delay sprint,Prioritize and clean backlog,Focus ensures efficiency.

Product Owner,Stakeholder Management,Intermediate,situational,Stakeholders demand unrealistic deadlines. What should you do?,Set realistic expectations,Agree immediately,Ignore request,Delay response,Set realistic expectations,Realism ensures success.

Product Owner,Sprint Execution,Intermediate,situational,Team overcommits every sprint. What should you do?,Adjust capacity planning,Ignore issue,Increase workload,Delay sprint,Adjust capacity planning,Realistic planning helps.

Product Owner,Sprint Execution,Advanced,situational,Critical dependency blocks sprint. What should you do?,Resolve dependency quickly,Ignore issue,Delay sprint,Remove feature,Resolve dependency quickly,Dependencies must be handled.

Product Owner,Stakeholder Management,Advanced,situational,Stakeholders lose trust in delivery. What should you do?,Improve transparency and communication,Ignore issue,Blame team,Delay updates,Improve transparency and communication,Trust requires clarity.

Product Owner,Backlog Management,Advanced,technical,What is backlog prioritization framework?,Structured approach to rank items,Writing code,Testing UI,Managing logs,Structured approach to rank items,Framework improves prioritization.

Product Owner,Backlog Management,Intermediate,technical,What is backlog visibility?,Transparency of backlog items,Code visibility,UI design,Server logs,Transparency of backlog items,Visibility improves alignment.

Product Owner,Backlog Management,Advanced,technical,What is backlog refinement quality?,Clarity and readiness of items,Code quality,UI layout,Server uptime,Clarity and readiness of items,Quality ensures execution.

Product Owner,Backlog Management,Intermediate,technical,What is story readiness?,Prepared for development,Code ready,UI ready,Server ready,Prepared for development,Readiness ensures smooth sprint.

Product Owner,Backlog Management,Advanced,technical,What is backlog optimization?,Improving backlog efficiency,Deleting backlog,Sorting code,Testing system,Improving backlog efficiency,Optimization improves flow.

Product Owner,Stakeholder Management,Intermediate,technical,What is stakeholder feedback loop?,Continuous feedback cycle,Code loop,UI design loop,Server loop,Continuous feedback cycle,Feedback improves product.

Product Owner,Stakeholder Management,Advanced,technical,What is stakeholder influence mapping?,Mapping influence levels,Code mapping,UI design,Server config,Mapping influence levels,Helps prioritization.

Product Owner,Stakeholder Management,Advanced,technical,What is stakeholder expectation alignment?,Matching expectations with reality,Writing code,Testing UI,Managing logs,Matching expectations with reality,Alignment prevents conflict.

Product Owner,Stakeholder Management,Intermediate,technical,What is stakeholder communication clarity?,Clear communication of updates,Code clarity,UI design,Server config,Clear communication of updates,Clarity ensures understanding.

Product Owner,Stakeholder Management,Advanced,technical,What is stakeholder value delivery?,Delivering expected value,Code value,UI design,Server speed,Delivering expected value,Value drives satisfaction.

Product Owner,Sprint Execution,Intermediate,technical,What is sprint predictability?,Consistency of delivery,Code predictability,UI predictability,Server predictability,Consistency of delivery,Predictability builds trust.

Product Owner,Sprint Execution,Advanced,technical,What is sprint flow efficiency?,Smooth workflow through sprint,Code flow,UI flow,Server flow,Smooth workflow through sprint,Efficiency improves delivery.

Product Owner,Sprint Execution,Advanced,technical,What is sprint outcome measurement?,Evaluating delivered value,Code output,UI design,Server log,Evaluating delivered value,Measures success.

Product Owner,Sprint Execution,Intermediate,technical,What is sprint planning accuracy?,Correct estimation of work,Code accuracy,UI accuracy,Server accuracy,Correct estimation of work,Accuracy improves planning.

Product Owner,Sprint Execution,Advanced,technical,What is sprint adaptability?,Ability to adjust plans,Fixed planning,Code changes,UI design,Ability to adjust plans,Adaptability supports agility.

Product Owner,Backlog Management,Intermediate,situational,Backlog items are not ready for sprint. What should you do?,Refine before sprint,Ignore issue,Delay sprint,Add anyway,Refine before sprint,Preparation ensures success.

Product Owner,Stakeholder Management,Advanced,situational,Stakeholders keep changing priorities frequently. What should you do?,Stabilize priorities with clear criteria,Accept all changes,Ignore issue,Delay sprint,Stabilize priorities with clear criteria,Consistency improves delivery.

Product Owner,Sprint Execution,Intermediate,situational,Sprint outcomes are inconsistent. What should you do?,Improve planning and tracking,Ignore issue,Blame team,Delay sprint,Improve planning and tracking,Consistency improves results.

Product Owner,Sprint Execution,Advanced,situational,Team struggles with sprint focus. What should you do?,Reinforce sprint goals clearly,Ignore issue,Add more work,Delay sprint,Reinforce sprint goals clearly,Focus ensures delivery.

Product Owner,Stakeholder Management,Advanced,situational,Stakeholders doubt backlog priorities. What should you do?,Justify with data and value,Ignore doubts,Change priorities randomly,Delay response,Justify with data and value,Data builds confidence.

role,skill,level,type,question,option_a,option_b,option_c,option_d,correct_answer,explanation

HR Analyst,HR Fundamentals,Beginner,technical,What is HR?,Managing people in organization,Writing code,Designing UI,Managing servers,Managing people in organization,HR focuses on workforce management.

HR Analyst,HR Fundamentals,Beginner,technical,What is recruitment?,Hiring employees,Training employees,Managing payroll,Designing UI,Hiring employees,Recruitment fills positions.

HR Analyst,HR Fundamentals,Beginner,technical,What is onboarding?,Integrating new hires,Hiring process,Salary calculation,Performance review,Integrating new hires,Onboarding helps employees adapt.

HR Analyst,HR Fundamentals,Beginner,technical,What is performance management?,Evaluating employee performance,Hiring process,Payroll calculation,Training only,Evaluating employee performance,Ensures productivity.

HR Analyst,HR Fundamentals,Beginner,technical,What is employee engagement?,Level of employee involvement,Salary calculation,Code efficiency,UI design,Level of employee involvement,Engagement drives performance.

HR Analyst,HR Fundamentals,Intermediate,technical,What is attrition?,Employees leaving organization,Employees joining,Code error,UI issue,Employees leaving organization,Attrition affects workforce.

HR Analyst,HR Fundamentals,Intermediate,technical,What is retention?,Keeping employees,Hiring employees,Training employees,Payroll process,Keeping employees,Retention reduces attrition.

HR Analyst,HR Fundamentals,Intermediate,technical,What is talent management?,Managing employee lifecycle,Writing code,Testing UI,Managing servers,Managing employee lifecycle,Includes hiring to retention.

HR Analyst,HR Fundamentals,Intermediate,technical,What is learning and development?,Employee skill improvement,Hiring process,Payroll system,UI design,Employee skill improvement,L&D builds capability.

HR Analyst,HR Fundamentals,Intermediate,technical,What is workforce planning?,Planning employee needs,Writing code,Designing UI,Server setup,Planning employee needs,Ensures staffing needs.

HR Analyst,HR Fundamentals,Advanced,technical,What is HR analytics?,Using data for HR decisions,Writing code,Designing UI,Managing servers,Using data for HR decisions,Analytics improves HR outcomes.

HR Analyst,HR Fundamentals,Advanced,technical,What is people analytics?,Analyzing employee data,Sorting data,Deleting data,Grouping rows,Analyzing employee data,Helps strategic decisions.

HR Analyst,HR Fundamentals,Advanced,technical,What is predictive HR analytics?,Forecasting HR trends,Summarizing past data,Cleaning data,Sorting data,Forecasting HR trends,Uses models to predict outcomes.

HR Analyst,HR Fundamentals,Advanced,technical,What is employee lifecycle?,Stages of employee journey,Code lifecycle,UI lifecycle,Server lifecycle,Stages of employee journey,From hire to exit.

HR Analyst,HR Fundamentals,Advanced,technical,What is HR KPI?,Metric to measure HR performance,Code metric,UI metric,Server metric,Metric to measure HR performance,KPIs track HR success.

HR Analyst,HR Fundamentals,Beginner,situational,Employee engagement is low. What should you do?,Analyze feedback and improve initiatives,Ignore issue,Increase workload,Delay action,Analyze feedback and improve initiatives,Engagement needs active effort.

HR Analyst,HR Fundamentals,Intermediate,situational,Attrition rate is rising. What should you do?,Investigate root causes,Ignore trend,Hire more employees,Delay action,Investigate root causes,Root cause analysis is key.

HR Analyst,HR Fundamentals,Intermediate,situational,Employees lack required skills. What should you do?,Implement training programs,Ignore issue,Increase workload,Delay hiring,Implement training programs,Training improves capability.

HR Analyst,HR Fundamentals,Advanced,situational,HR decisions lack data support. What should you do?,Use HR analytics,Ignore data,Guess decisions,Delay action,Use HR analytics,Data improves decisions.

HR Analyst,HR Fundamentals,Advanced,situational,Workforce planning is inaccurate. What should you do?,Reassess data and assumptions,Ignore issue,Hire randomly,Delay planning,Reassess data and assumptions,Accurate planning needs data.

HR Analyst,HR Metrics,Beginner,technical,What is HR metric?,Measure of HR performance,Code parameter,UI element,Server metric,Measure of HR performance,Metrics track HR effectiveness.

HR Analyst,HR Metrics,Beginner,technical,What is attrition rate?,Percentage of employees leaving,Employees joining rate,Total employees,Salary increase rate,Percentage of employees leaving,Attrition measures exits.

HR Analyst,HR Metrics,Beginner,technical,What is retention rate?,Percentage of employees staying,Employees leaving rate,Total hires,Salary growth rate,Percentage of employees staying,Retention measures loyalty.

HR Analyst,HR Metrics,Beginner,technical,What is hiring rate?,Number of hires over time,Employees leaving rate,Total employees,Training rate,Number of hires over time,Hiring rate tracks recruitment.

HR Analyst,HR Metrics,Beginner,technical,What is absenteeism?,Employee absence rate,Employee performance,Salary growth,Code error,Employee absence rate,Absenteeism impacts productivity.

HR Analyst,HR Metrics,Intermediate,technical,What is time to hire?,Time taken to fill role,Employee tenure,Salary cycle,Training duration,Time taken to fill role,Measures recruitment efficiency.

HR Analyst,HR Metrics,Intermediate,technical,What is cost per hire?,Cost of recruitment,Employee salary,Training cost,Server cost,Cost of recruitment,Tracks hiring expense.

HR Analyst,HR Metrics,Intermediate,technical,What is employee productivity?,Output per employee,Total employees,Salary growth,Code efficiency,Output per employee,Measures performance.

HR Analyst,HR Metrics,Intermediate,technical,What is engagement score?,Level of employee involvement,Salary score,Code score,UI score,Level of employee involvement,Measures engagement.

HR Analyst,HR Metrics,Intermediate,technical,What is turnover?,Employee exits,Employee hires,Training sessions,Salary changes,Employee exits,Turnover reflects attrition.

HR Analyst,HR Metrics,Advanced,technical,What is predictive attrition?,Forecasting employee exits,Past attrition data,Data cleaning,Sorting data,Forecasting employee exits,Helps proactive retention.

HR Analyst,HR Metrics,Advanced,technical,What is workforce analytics?,Analyzing workforce data,Writing code,Designing UI,Managing servers,Analyzing workforce data,Supports HR decisions.

HR Analyst,HR Metrics,Advanced,technical,What is HR dashboard?,Visual HR metrics display,Code panel,Database schema,Server log,Visual HR metrics display,Dashboards show insights.

HR Analyst,HR Metrics,Advanced,technical,What is KPI alignment?,Matching metrics with goals,Writing code,Testing UI,Managing logs,Matching metrics with goals,Alignment ensures relevance.

HR Analyst,HR Metrics,Advanced,technical,What is data driven HR?,Decision making using data,Guessing decisions,Ignoring data,Manual process,Decision making using data,Improves HR outcomes.

HR Analyst,HR Metrics,Beginner,situational,Attrition rate increases suddenly. What should you do?,Analyze root causes,Ignore issue,Hire more employees,Delay action,Analyze root causes,Understanding reasons is key.

HR Analyst,HR Metrics,Intermediate,situational,Time to hire is too high. What should you do?,Improve recruitment process,Ignore issue,Increase workload,Delay hiring,Improve recruitment process,Efficiency improves hiring.

HR Analyst,HR Metrics,Intermediate,situational,Employee productivity drops. What should you do?,Analyze performance drivers,Ignore issue,Increase pressure,Delay action,Analyze performance drivers,Identify root cause.

HR Analyst,HR Metrics,Advanced,situational,HR metrics conflict with business goals. What should you do?,Realign metrics with goals,Ignore mismatch,Delay action,Add more metrics,Realign metrics with goals,Alignment ensures value.

HR Analyst,HR Metrics,Advanced,situational,Stakeholders question HR data accuracy. What should you do?,Validate and explain data,Ignore question,Change data,Delay response,Validate and explain data,Trust requires accuracy.

HR Analyst,People Analytics,Beginner,technical,What is HR data?,Employee related data,Code data,UI data,Server data,Employee related data,HR data includes workforce information.

HR Analyst,People Analytics,Beginner,technical,What is employee dataset?,Collection of employee data,Single record,Code block,UI element,Collection of employee data,Dataset stores structured HR data.

HR Analyst,People Analytics,Beginner,technical,What is HR reporting?,Presenting HR data,Writing code,Designing UI,Managing servers,Presenting HR data,Reports communicate insights.

HR Analyst,People Analytics,Beginner,technical,What is HR insight?,Meaningful HR interpretation,Raw data,Code output,UI element,Meaningful HR interpretation,Insights guide decisions.

HR Analyst,People Analytics,Beginner,technical,What is HR dashboard?,Visual HR data display,Code panel,Database schema,Server log,Visual HR data display,Dashboards simplify analysis.

HR Analyst,People Analytics,Intermediate,technical,What is employee segmentation?,Grouping employees by attributes,Sorting code,Deleting data,Grouping rows,Grouping employees by attributes,Segmentation improves analysis.

HR Analyst,People Analytics,Intermediate,technical,What is attrition analysis?,Studying employee exits,Hiring analysis,Training analysis,Payroll analysis,Studying employee exits,Helps reduce attrition.

HR Analyst,People Analytics,Intermediate,technical,What is performance analysis?,Evaluating employee performance,Writing code,Designing UI,Managing servers,Evaluating employee performance,Supports appraisal decisions.

HR Analyst,People Analytics,Intermediate,technical,What is engagement analysis?,Analyzing employee involvement,Sorting data,Deleting data,Grouping rows,Analyzing employee involvement,Improves engagement.

HR Analyst,People Analytics,Intermediate,technical,What is workforce segmentation?,Dividing workforce into groups,Sorting data,Deleting data,Grouping code,Dividing workforce into groups,Helps targeted actions.

HR Analyst,People Analytics,Advanced,technical,What is predictive modeling in HR?,Forecasting employee outcomes,Summarizing past data,Cleaning data,Sorting data,Forecasting employee outcomes,Used for predictions.

HR Analyst,People Analytics,Advanced,technical,What is attrition prediction?,Predicting employee exits,Past attrition data,Data cleaning,Sorting data,Predicting employee exits,Helps proactive retention.

HR Analyst,People Analytics,Advanced,technical,What is performance prediction?,Forecasting employee performance,Summarizing past data,Cleaning data,Sorting data,Forecasting employee performance,Supports talent decisions.

HR Analyst,People Analytics,Advanced,technical,What is HR data visualization?,Visualizing HR insights,Writing code,Designing UI,Managing servers,Visualizing HR insights,Helps interpretation.

HR Analyst,People Analytics,Advanced,technical,What is HR data storytelling?,Communicating HR insights,Writing code,Testing UI,Managing logs,Communicating HR insights,Storytelling drives decisions.

HR Analyst,People Analytics,Beginner,situational,HR data is incomplete. What should you do?,Clean and complete data,Ignore issue,Delete dataset,Proceed anyway,Clean and complete data,Data quality is critical.

HR Analyst,People Analytics,Intermediate,situational,Attrition analysis shows unclear trends. What should you do?,Perform deeper analysis,Ignore results,Delete data,Change dataset,Perform deeper analysis,Further analysis reveals insights.

HR Analyst,People Analytics,Intermediate,situational,Stakeholder wants quick HR insights. What should you do?,Provide concise analysis,Add more data,Ignore request,Delay report,Provide concise analysis,Clarity improves communication.

HR Analyst,People Analytics,Advanced,situational,Predictive model accuracy is low. What should you do?,Refine model and data,Ignore results,Delete model,Change output,Refine model and data,Improvement ensures accuracy.

HR Analyst,People Analytics,Advanced,situational,HR insights are not actionable. What should you do?,Add recommendations,Ignore issue,Present anyway,Delay report,Add recommendations,Actionable insights drive decisions.

HR Analyst,HR Metrics,Intermediate,technical,What is employee tenure?,Length of employee service,Salary duration,Training time,Code duration,Length of employee service,Tenure shows experience.

HR Analyst,HR Metrics,Advanced,technical,What is attrition cost?,Cost of employee exit,Employee salary,Training cost,Server cost,Cost of employee exit,Attrition impacts finances.

HR Analyst,HR Metrics,Advanced,technical,What is engagement driver?,Factor influencing engagement,Code driver,UI driver,Server driver,Factor influencing engagement,Drivers impact engagement.

HR Analyst,HR Metrics,Intermediate,technical,What is internal mobility?,Movement within organization,Hiring process,Training program,Payroll process,Movement within organization,Improves retention.

HR Analyst,HR Metrics,Advanced,technical,What is diversity metric?,Measures workforce diversity,Code metric,UI metric,Server metric,Measures workforce diversity,Diversity impacts culture.

HR Analyst,People Analytics,Intermediate,technical,What is data segmentation?,Dividing data into groups,Sorting data,Deleting data,Grouping code,Dividing data into groups,Segmentation improves insights.

HR Analyst,People Analytics,Advanced,technical,What is regression in HR?,Modeling relationships in HR data,Sorting data,Deleting data,Grouping rows,Modeling relationships in HR data,Regression predicts outcomes.

HR Analyst,People Analytics,Advanced,technical,What is correlation in HR?,Relationship between HR variables,Sorting data,Deleting data,Grouping rows,Relationship between HR variables,Shows association.

HR Analyst,People Analytics,Intermediate,technical,What is data normalization?,Organizing data efficiently,Adding redundancy,Sorting data,Deleting tables,Organizing data efficiently,Improves data structure.

HR Analyst,People Analytics,Advanced,technical,What is HR data bias?,Systematic error in HR data,Random value,Duplicate entry,Missing value,Systematic error in HR data,Bias affects decisions.

HR Analyst,HR Strategy,Intermediate,technical,What is workforce strategy?,Plan for workforce needs,Code strategy,UI design,Server config,Plan for workforce needs,Strategy aligns HR goals.

HR Analyst,HR Strategy,Advanced,technical,What is talent strategy?,Plan for talent development,Code strategy,UI design,Server config,Plan for talent development,Supports growth.

HR Analyst,HR Strategy,Advanced,technical,What is HR alignment?,Matching HR with business goals,Writing code,Testing UI,Managing logs,Matching HR with business goals,Alignment ensures impact.

HR Analyst,HR Strategy,Intermediate,technical,What is succession planning?,Preparing future leaders,Hiring process,Training session,Payroll process,Preparing future leaders,Ensures continuity.

HR Analyst,HR Strategy,Advanced,technical,What is organizational capability?,Ability to achieve goals,Code capability,UI capability,Server capability,Ability to achieve goals,Capability drives success.

HR Analyst,HR Metrics,Beginner,situational,Employee tenure is decreasing. What should you do?,Analyze retention factors,Ignore issue,Hire more employees,Delay action,Analyze retention factors,Understanding causes helps retention.

HR Analyst,People Analytics,Intermediate,situational,Engagement scores vary across teams. What should you do?,Segment and analyze teams,Ignore issue,Delete data,Proceed anyway,Segment and analyze teams,Segmentation reveals patterns.

HR Analyst,HR Strategy,Intermediate,situational,Workforce plan does not match business needs. What should you do?,Realign with business goals,Ignore mismatch,Delay planning,Hire randomly,Realign with business goals,Alignment ensures success.

HR Analyst,People Analytics,Advanced,situational,Data shows bias in HR decisions. What should you do?,Identify and correct bias,Ignore issue,Delete data,Delay action,Identify and correct bias,Bias must be addressed.

HR Analyst,HR Strategy,Advanced,situational,Leadership questions HR impact. What should you do?,Show data driven insights,Ignore question,Change data,Delay response,Show data driven insights,Data proves impact.

HR Analyst,HR Metrics,Advanced,technical,What is workforce productivity?,Output per employee,Total employees,Salary growth,Code efficiency,Output per employee,Productivity measures efficiency.

HR Analyst,HR Metrics,Intermediate,technical,What is absenteeism rate?,Percentage of employee absence,Employee performance,Salary growth,Code error,Percentage of employee absence,Absenteeism affects productivity.

HR Analyst,HR Metrics,Advanced,technical,What is cost of turnover?,Total cost of employee exit,Employee salary,Training cost,Server cost,Total cost of employee exit,Turnover impacts finances.

HR Analyst,HR Metrics,Intermediate,technical,What is training effectiveness?,Impact of training programs,Training duration,Employee salary,Code efficiency,Impact of training programs,Measures learning success.

HR Analyst,HR Metrics,Advanced,technical,What is engagement ROI?,Return on engagement initiatives,Employee salary,Training cost,Server cost,Return on engagement initiatives,ROI measures value.

HR Analyst,People Analytics,Intermediate,technical,What is employee clustering?,Grouping similar employees,Sorting data,Deleting data,Grouping code,Grouping similar employees,Clustering finds patterns.

HR Analyst,People Analytics,Advanced,technical,What is causal inference?,Determining cause and effect,Sorting data,Grouping data,Deleting rows,Determining cause and effect,Explains relationships.

HR Analyst,People Analytics,Advanced,technical,What is feature importance?,Impact of variables on outcome,Sorting data,Deleting data,Grouping rows,Impact of variables on outcome,Helps model interpretation.

HR Analyst,People Analytics,Intermediate,technical,What is data transformation?,Changing data format,Deleting data,Sorting rows,Grouping values,Changing data format,Prepares data.

HR Analyst,People Analytics,Advanced,technical,What is model evaluation?,Assessing model performance,Writing code,Testing UI,Managing servers,Assessing model performance,Ensures accuracy.

HR Analyst,HR Strategy,Intermediate,technical,What is talent pipeline?,Pool of potential candidates,Hiring process,Training program,Payroll process,Pool of potential candidates,Supports hiring.

HR Analyst,HR Strategy,Advanced,technical,What is workforce optimization?,Improving workforce efficiency,Writing code,Designing UI,Managing servers,Improving workforce efficiency,Optimization improves outcomes.

HR Analyst,HR Strategy,Advanced,technical,What is HR transformation?,Modernizing HR processes,Writing code,Testing UI,Managing logs,Modernizing HR processes,Transformation improves HR.

HR Analyst,HR Strategy,Intermediate,technical,What is performance benchmarking?,Comparing performance standards,Sorting data,Deleting data,Grouping rows,Comparing performance standards,Benchmarking shows gaps.

HR Analyst,HR Strategy,Advanced,technical,What is strategic workforce planning?,Long term workforce strategy,Short term hiring,Training plan,Payroll process,Long term workforce strategy,Ensures future readiness.

HR Analyst,HR Metrics,Intermediate,situational,Training programs show low impact. What should you do?,Evaluate effectiveness and redesign,Ignore issue,Increase training,Delay action,Evaluate effectiveness and redesign,Improvement ensures value.

HR Analyst,People Analytics,Advanced,situational,Model predictions show bias. What should you do?,Identify and correct bias,Ignore issue,Delete model,Delay action,Identify and correct bias,Bias must be addressed.

HR Analyst,HR Strategy,Intermediate,situational,Talent pipeline is weak. What should you do?,Strengthen sourcing strategy,Ignore issue,Delay hiring,Reduce hiring,Strengthen sourcing strategy,Strong pipeline supports hiring.

HR Analyst,People Analytics,Advanced,situational,Insights are complex for leadership. What should you do?,Simplify and communicate clearly,Ignore issue,Add more data,Delay report,Simplify and communicate clearly,Clarity drives decisions.

HR Analyst,HR Strategy,Advanced,situational,HR strategy is not delivering results. What should you do?,Reassess strategy with data,Ignore issue,Blame team,Delay action,Reassess strategy with data,Strategy needs evaluation.

role,skill,level,type,question,option_a,option_b,option_c,option_d,correct_answer,explanation

General,Aptitude,Beginner,technical,What is percentage?,Ratio out of 100,Fraction only,Whole number,Decimal only,Ratio out of 100,Percentage represents proportion.

General,Aptitude,Beginner,technical,What is average?,Sum divided by count,Maximum value,Minimum value,Total sum,Sum divided by count,Average represents central value.

General,Aptitude,Beginner,technical,What is ratio?,Comparison between quantities,Total value,Average value,Difference only,Comparison between quantities,Ratio compares values.

General,Aptitude,Beginner,technical,What is profit?,Gain from transaction,Loss only,Revenue only,Cost only,Gain from transaction,Profit is earning.

General,Aptitude,Beginner,technical,What is loss?,Decrease in value,Increase in value,Revenue only,Profit only,Decrease in value,Loss is negative gain.

General,Aptitude,Intermediate,technical,What is compound interest?,Interest on principal and interest,Interest on principal only,Flat interest,Random interest,Interest on principal and interest,Compound interest grows faster.

General,Aptitude,Intermediate,technical,What is simple interest?,Interest on principal only,Interest on interest,Random interest,Flat value,Interest on principal only,Simple interest is linear.

General,Aptitude,Intermediate,technical,What is probability?,Chance of event,Total value,Average value,Difference,Chance of event,Probability measures likelihood.

General,Aptitude,Intermediate,technical,What is permutation?,Arrangement of items,Selection of items,Grouping items,Sorting values,Arrangement of items,Order matters.

General,Aptitude,Intermediate,technical,What is combination?,Selection of items,Arrangement of items,Grouping values,Sorting data,Selection of items,Order does not matter.

General,Aptitude,Advanced,technical,What is break even point?,No profit no loss point,Maximum profit,Minimum loss,Revenue point,No profit no loss point,BEP defines equilibrium.

General,Aptitude,Advanced,technical,What is marginal cost?,Cost of producing one more unit,Total cost,Fixed cost,Variable cost,Cost of producing one more unit,MC affects pricing.

General,Aptitude,Advanced,technical,What is elasticity?,Sensitivity to change,Slope only,Ratio only,Average only,Sensitivity to change,Elasticity measures responsiveness.

General,Aptitude,Advanced,technical,What is opportunity cost?,Value of next best option,Total cost,Fixed cost,Variable cost,Value of next best option,Opportunity cost reflects trade-offs.

General,Aptitude,Advanced,technical,What is ROI?,Return on investment,Revenue only,Cost only,Profit only,Return on investment,ROI measures returns.

General,Aptitude,Beginner,situational,Sales drop suddenly. What should you do?,Analyze causes,Ignore issue,Increase prices,Delay action,Analyze causes,Understanding issue is key.

General,Aptitude,Intermediate,situational,Costs increase but revenue stays same. What should you do?,Reduce costs or increase value,Ignore issue,Delay action,Blame team,Reduce costs or increase value,Profitability matters.

General,Aptitude,Intermediate,situational,Probability of event is low. What should you do?,Assess risk carefully,Ignore event,Force outcome,Delay decision,Assess risk carefully,Low probability means high risk.

General,Aptitude,Advanced,situational,Investment shows declining ROI. What should you do?,Reevaluate investment,Ignore trend,Increase spending,Delay decision,Reevaluate investment,ROI guides decisions.

General,Aptitude,Advanced,situational,Market demand shifts rapidly. What should you do?,Adapt strategy quickly,Ignore change,Delay action,Maintain same plan,Adapt strategy quickly,Adaptability ensures survival.

General,Logical Reasoning,Beginner,technical,What is logical reasoning?,Analyzing information logically,Writing code,Designing UI,Managing servers,Analyzing information logically,Reasoning helps decision making.

General,Logical Reasoning,Beginner,technical,What is pattern recognition?,Identifying trends or sequences,Sorting data,Deleting data,Grouping values,Identifying trends or sequences,Patterns reveal logic.

General,Logical Reasoning,Beginner,technical,What is deduction?,Conclusion from facts,Random guess,Code logic,UI design,Conclusion from facts,Deduction uses given info.

General,Logical Reasoning,Beginner,technical,What is assumption?,Unproven belief,Proven fact,Code output,UI element,Unproven belief,Assumptions need validation.

General,Logical Reasoning,Beginner,technical,What is inference?,Logical conclusion,Random guess,Code output,UI design,Logical conclusion,Inference is based on reasoning.

General,Logical Reasoning,Intermediate,technical,What is cause and effect?,Relationship between events,Sorting data,Deleting data,Grouping values,Relationship between events,Identifies impact.

General,Logical Reasoning,Intermediate,technical,What is critical thinking?,Evaluating information objectively,Writing code,Designing UI,Managing servers,Evaluating information objectively,Improves decisions.

General,Logical Reasoning,Intermediate,technical,What is syllogism?,Logical argument form,Code structure,UI layout,Server config,Logical argument form,Used in reasoning tests.

General,Logical Reasoning,Intermediate,technical,What is analogy?,Comparison of relationships,Sorting data,Deleting data,Grouping values,Comparison of relationships,Analogy finds similarity.

General,Logical Reasoning,Intermediate,technical,What is sequence?,Ordered pattern,Random data,Code block,UI element,Ordered pattern,Sequence shows order.

General,Logical Reasoning,Advanced,technical,What is logical fallacy?,Error in reasoning,Correct logic,Code error,UI bug,Error in reasoning,Fallacies mislead conclusions.

General,Logical Reasoning,Advanced,technical,What is decision tree?,Visual decision model,Code structure,UI layout,Server config,Visual decision model,Helps structured decisions.

General,Logical Reasoning,Advanced,technical,What is root cause analysis?,Finding underlying cause,Sorting data,Deleting data,Grouping values,Finding underlying cause,Identifies true issue.

General,Logical Reasoning,Advanced,technical,What is hypothesis?,Testable assumption,Code block,UI design,Server config,Testable assumption,Used for validation.

General,Logical Reasoning,Advanced,technical,What is reasoning bias?,Error in judgment,Accurate thinking,Data cleaning,Sorting method,Error in judgment,Bias affects decisions.

General,Logical Reasoning,Beginner,situational,Sequence pattern breaks. What should you do?,Analyze pattern logic,Ignore issue,Guess randomly,Delay decision,Analyze pattern logic,Logic reveals answer.

General,Logical Reasoning,Intermediate,situational,Two arguments conflict. What should you do?,Evaluate evidence,Ignore conflict,Choose randomly,Delay decision,Evaluate evidence,Better reasoning wins.

General,Logical Reasoning,Intermediate,situational,Decision has multiple outcomes. What should you do?,Analyze possible outcomes,Ignore options,Choose randomly,Delay action,Analyze possible outcomes,Evaluation improves decisions.

General,Logical Reasoning,Advanced,situational,Root cause is unclear. What should you do?,Perform deeper analysis,Ignore issue,Guess cause,Delay decision,Perform deeper analysis,Analysis finds cause.

General,Logical Reasoning,Advanced,situational,Bias affects decision making. What should you do?,Recognize and correct bias,Ignore bias,Continue decision,Delay action,Recognize and correct bias,Bias must be addressed.

General,Business Reasoning,Beginner,technical,What is business decision?,Choice to achieve goals,Code decision,UI design,Server setup,Choice to achieve goals,Decisions drive outcomes.

General,Business Reasoning,Beginner,technical,What is revenue?,Income generated,Total cost,Profit only,Loss only,Income generated,Revenue is earnings.

General,Business Reasoning,Beginner,technical,What is cost?,Expense incurred,Income generated,Profit only,Revenue only,Expense incurred,Cost affects profit.

General,Business Reasoning,Beginner,technical,What is profit margin?,Profit relative to revenue,Total profit,Revenue only,Cost only,Profit relative to revenue,Margin measures efficiency.

General,Business Reasoning,Beginner,technical,What is demand?,Need for product,Supply only,Profit only,Revenue only,Need for product,Demand drives sales.

General,Business Reasoning,Intermediate,technical,What is supply?,Availability of product,Customer need,Profit only,Revenue only,Availability of product,Supply meets demand.

General,Business Reasoning,Intermediate,technical,What is market share?,Company share in market,Total revenue,Total cost,Profit margin,Company share in market,Market share shows position.

General,Business Reasoning,Intermediate,technical,What is pricing strategy?,How product is priced,Code logic,UI design,Server config,How product is priced,Pricing impacts revenue.

General,Business Reasoning,Intermediate,technical,What is competitive advantage?,Unique strength over competitors,More features,Better UI,Lower cost only,Unique strength over competitors,Advantage drives success.

General,Business Reasoning,Intermediate,technical,What is business model?,How company creates value,Code structure,UI design,Server setup,How company creates value,Model defines operations.

General,Business Reasoning,Advanced,technical,What is market positioning?,Perception in market,Code position,UI layout,Server config,Perception in market,Positioning affects brand.

General,Business Reasoning,Advanced,technical,What is value chain?,Activities creating value,Code chain,UI flow,Server setup,Activities creating value,Value chain shows process.

General,Business Reasoning,Advanced,technical,What is cost leadership?,Lowest cost strategy,High cost strategy,UI strategy,Server strategy,Lowest cost strategy,Cost leadership improves competitiveness.

General,Business Reasoning,Advanced,technical,What is differentiation strategy?,Unique offering strategy,Low cost strategy,UI strategy,Server strategy,Unique offering strategy,Differentiation creates value.

General,Business Reasoning,Advanced,technical,What is business scalability?,Ability to grow efficiently,Code complexity,UI design,Server logs,Ability to grow efficiently,Scalability supports growth.

General,Business Reasoning,Beginner,situational,Sales decline in one region. What should you do?,Analyze regional factors,Ignore issue,Increase prices,Delay action,Analyze regional factors,Local insights matter.

General,Business Reasoning,Intermediate,situational,Competitor lowers prices. What should you do?,Evaluate pricing strategy,Ignore competitor,Match blindly,Delay action,Evaluate pricing strategy,Strategic response needed.

General,Business Reasoning,Intermediate,situational,Costs rise while demand falls. What should you do?,Optimize cost and value,Ignore issue,Increase production,Delay decision,Optimize cost and value,Balance ensures survival.

General,Business Reasoning,Advanced,situational,New market opportunity appears. What should you do?,Assess strategic fit,Enter immediately,Ignore opportunity,Delay action,Assess strategic fit,Fit determines success.

General,Business Reasoning,Advanced,situational,Company growth stagnates. What should you do?,Reevaluate business strategy,Ignore trend,Blame team,Delay action,Reevaluate business strategy,Strategy drives growth.

General,Aptitude,Intermediate,technical,What is weighted average?,Average with weights,Simple average,Total sum,Maximum value,Average with weights,Weights affect contribution.

General,Aptitude,Advanced,technical,What is break even analysis?,Finding no profit no loss point,Calculating profit,Sorting data,Deleting data,Finding no profit no loss point,BEP shows viability.

General,Aptitude,Advanced,technical,What is contribution margin?,Revenue minus variable cost,Total cost,Profit only,Fixed cost,Revenue minus variable cost,Used in profitability analysis.

General,Aptitude,Intermediate,technical,What is growth rate?,Rate of increase,Total value,Average value,Minimum value,Rate of increase,Shows trend.

General,Aptitude,Advanced,technical,What is cost benefit analysis?,Comparing costs and benefits,Sorting data,Deleting data,Grouping values,Comparing costs and benefits,Helps decision making.

General,Logical Reasoning,Intermediate,technical,What is pattern consistency?,Maintaining sequence logic,Random pattern,Code structure,UI design,Maintaining sequence logic,Consistency reveals pattern.

General,Logical Reasoning,Advanced,technical,What is decision optimization?,Choosing best outcome,Random choice,Code logic,UI design,Choosing best outcome,Optimization improves results.

General,Logical Reasoning,Advanced,technical,What is scenario analysis?,Evaluating possible scenarios,Sorting data,Deleting data,Grouping values,Evaluating possible scenarios,Helps planning.

General,Logical Reasoning,Intermediate,technical,What is constraint?,Limitation in problem,Opportunity,Code block,UI element,Limitation in problem,Constraints affect solutions.

General,Logical Reasoning,Advanced,technical,What is trade off?,Balancing alternatives,Sorting data,Deleting data,Grouping values,Balancing alternatives,Trade offs require compromise.

General,Business Reasoning,Intermediate,technical,What is pricing elasticity?,Sensitivity of demand to price,Total revenue,Profit margin,Cost only,Sensitivity of demand to price,Elasticity affects pricing.

General,Business Reasoning,Advanced,technical,What is unit economics?,Profitability per unit,Total revenue,Total cost,Market share,Profitability per unit,Unit economics shows sustainability.

General,Business Reasoning,Advanced,technical,What is customer lifetime value?,Total value from customer,Single purchase value,Cost only,Revenue only,Total value from customer,CLV shows long term value.

General,Business Reasoning,Intermediate,technical,What is churn rate?,Customers leaving,Customers joining,Total customers,Revenue growth,Customers leaving,Churn impacts retention.

General,Business Reasoning,Advanced,technical,What is scalability constraint?,Limit to growth,Opportunity for growth,Code issue,UI issue,Limit to growth,Constraints limit scaling.

General,Aptitude,Beginner,situational,Revenue increases but profit decreases. What should you do?,Analyze cost structure,Ignore issue,Increase production,Delay action,Analyze cost structure,Costs affect profit.

General,Logical Reasoning,Intermediate,situational,Multiple solutions exist. What should you do?,Evaluate best option,Choose randomly,Ignore options,Delay decision,Evaluate best option,Best choice matters.

General,Business Reasoning,Intermediate,situational,Customer churn increases. What should you do?,Analyze retention drivers,Ignore issue,Increase price,Delay action,Analyze retention drivers,Retention analysis helps.

General,Business Reasoning,Advanced,situational,High growth but low profitability. What should you do?,Improve unit economics,Ignore issue,Expand more,Delay decision,Improve unit economics,Sustainability matters.

General,Logical Reasoning,Advanced,situational,Decision has conflicting data. What should you do?,Validate data sources,Ignore conflict,Choose randomly,Delay action,Validate data sources,Accurate data ensures decision.

General,Aptitude,Advanced,technical,What is variance analysis?,Comparing actual vs expected,Sorting data,Deleting data,Grouping values,Comparing actual vs expected,Variance shows deviation.

General,Aptitude,Intermediate,technical,What is ratio analysis?,Comparing financial ratios,Sorting data,Deleting data,Grouping values,Comparing financial ratios,Used in financial evaluation.

General,Aptitude,Advanced,technical,What is sensitivity analysis?,Impact of variable changes,Sorting data,Deleting data,Grouping values,Impact of variable changes,Used in decision making.

General,Aptitude,Intermediate,technical,What is time value of money?,Value of money over time,Fixed value,Random value,Static value,Value of money over time,Money changes with time.

General,Aptitude,Advanced,technical,What is net present value?,Value of future cash flows,Total revenue,Total cost,Profit margin,Value of future cash flows,NPV evaluates investments.

General,Logical Reasoning,Intermediate,technical,What is logical consistency?,Maintaining correct reasoning,Random thinking,Code logic,UI design,Maintaining correct reasoning,Consistency ensures accuracy.

General,Logical Reasoning,Advanced,technical,What is probabilistic thinking?,Decision based on probability,Random guessing,Code logic,UI design,Decision based on probability,Helps uncertainty decisions.

General,Logical Reasoning,Advanced,technical,What is decision bias?,Error in judgment,Correct reasoning,Data cleaning,Sorting method,Error in judgment,Bias affects outcomes.

General,Logical Reasoning,Intermediate,technical,What is reasoning structure?,Organized thinking process,Random thinking,Code structure,UI layout,Organized thinking process,Structure improves clarity.

General,Logical Reasoning,Advanced,technical,What is hypothesis validation?,Testing assumptions,Sorting data,Deleting data,Grouping values,Testing assumptions,Validates decisions.

General,Business Reasoning,Intermediate,technical,What is market expansion?,Entering new markets,Reducing cost,Increasing price,Improving UI,Entering new markets,Expansion drives growth.

General,Business Reasoning,Advanced,technical,What is diversification?,Entering new business areas,Reducing cost,Improving UI,Server upgrade,Entering new business areas,Diversification reduces risk.

General,Business Reasoning,Advanced,technical,What is strategic pivot?,Changing business direction,Improving UI,Updating code,Sorting data,Changing business direction,Pivot adapts to change.

General,Business Reasoning,Intermediate,technical,What is operational efficiency?,Optimizing processes,Increasing cost,Reducing revenue,Ignoring data,Optimizing processes,Efficiency improves output.

General,Business Reasoning,Advanced,technical,What is value proposition?,Unique value offered,Code feature,UI design,Server config,Unique value offered,Defines product appeal.

General,Aptitude,Intermediate,situational,Investment shows high risk high return. What should you do?,Assess risk tolerance,Ignore risk,Invest fully,Delay decision,Assess risk tolerance,Risk must match strategy.

General,Logical Reasoning,Intermediate,situational,Data is incomplete for decision. What should you do?,Gather more data,Ignore issue,Guess decision,Delay action,Gather more data,Better data improves decisions.

General,Business Reasoning,Intermediate,situational,Market demand declines. What should you do?,Reevaluate product strategy,Ignore trend,Increase production,Delay action,Reevaluate product strategy,Adaptation is key.

General,Business Reasoning,Advanced,situational,Company faces intense competition. What should you do?,Strengthen competitive advantage,Ignore competitors,Lower price blindly,Delay action,Strengthen competitive advantage,Strategy ensures survival.

General,Logical Reasoning,Advanced,situational,Decision involves uncertainty. What should you do?,Use probabilistic reasoning,Ignore uncertainty,Guess outcome,Delay action,Use probabilistic reasoning,Helps informed decisions.
role,skill,level,type,question,option_a,option_b,option_c,option_d,correct_answer,explanation

Mixed,Decision Making,Advanced,technical,What is data driven decision?,Decision based on analysis,Random choice,Guess decision,UI logic,Decision based on analysis,Data improves accuracy.

Mixed,Decision Making,Advanced,technical,What is trade off analysis?,Evaluating alternatives,Sorting data,Deleting data,Grouping values,Evaluating alternatives,Trade offs balance outcomes.

Mixed,Decision Making,Advanced,technical,What is strategic alignment?,Matching decisions with goals,Writing code,Testing UI,Managing logs,Matching decisions with goals,Alignment ensures success.

Mixed,Decision Making,Advanced,technical,What is risk assessment?,Evaluating potential risks,Sorting data,Deleting data,Grouping values,Evaluating potential risks,Risk affects decisions.

Mixed,Decision Making,Advanced,technical,What is decision framework?,Structured decision approach,Random thinking,Code structure,UI layout,Structured decision approach,Framework improves decisions.

Mixed,Data Analysis,Advanced,technical,What is data triangulation?,Using multiple data sources,Sorting data,Deleting data,Grouping values,Using multiple data sources,Improves accuracy.

Mixed,Data Analysis,Advanced,technical,What is advanced analytics?,Deep data analysis methods,Simple analysis,Data cleaning,Sorting data,Deep data analysis methods,Advanced analytics drives insights.

Mixed,Data Analysis,Advanced,technical,What is insight validation?,Confirming insight accuracy,Ignoring data,Deleting data,Sorting values,Confirming insight accuracy,Validation ensures trust.

Mixed,Data Analysis,Advanced,technical,What is model interpretability?,Understanding model output,Code readability,UI design,Server speed,Understanding model output,Interpretability builds trust.

Mixed,Data Analysis,Advanced,technical,What is data reliability?,Consistency and accuracy,Random data,Duplicate data,Missing data,Consistency and accuracy,Reliable data ensures quality.

Mixed,Business Strategy,Advanced,technical,What is competitive strategy?,Plan to outperform competitors,Code strategy,UI design,Server config,Plan to outperform competitors,Strategy drives success.

Mixed,Business Strategy,Advanced,technical,What is growth strategy?,Plan to expand business,Reducing cost,Improving UI,Server upgrade,Plan to expand business,Growth drives scale.

Mixed,Business Strategy,Advanced,technical,What is strategic decision?,High impact choice,Random decision,Code decision,UI decision,High impact choice,Strategy shapes direction.

Mixed,Business Strategy,Advanced,technical,What is market analysis?,Evaluating market conditions,Sorting data,Deleting data,Grouping values,Evaluating market conditions,Market drives decisions.

Mixed,Business Strategy,Advanced,technical,What is value optimization?,Maximizing value outcomes,Reducing cost only,Increasing revenue only,Ignoring cost,Maximizing value outcomes,Optimization balances factors.

Mixed,Decision Making,Advanced,situational,Data suggests one decision but intuition suggests another. What should you do?,Validate data and assumptions,Ignore data,Follow intuition blindly,Delay decision,Validate data and assumptions,Balanced thinking is key.

Mixed,Data Analysis,Advanced,situational,Multiple datasets give conflicting insights. What should you do?,Perform triangulation,Ignore conflict,Choose randomly,Delay action,Perform triangulation,Multiple sources improve accuracy.

Mixed,Business Strategy,Advanced,situational,New strategy shows potential but high risk. What should you do?,Evaluate risk vs reward,Ignore risk,Implement immediately,Delay action,Evaluate risk vs reward,Trade off matters.

Mixed,Decision Making,Advanced,situational,Stakeholders disagree on decision. What should you do?,Align based on data and goals,Ignore stakeholders,Choose randomly,Delay decision,Align based on data and goals,Alignment ensures success.

Mixed,Data Analysis,Advanced,situational,Insights are correct but not impactful. What should you do?,Refine and align with business goals,Ignore issue,Add more data,Delay report,Refine and align with business goals,Impact matters.
